id_imagem,dataset,arquivo,doenca,codigo_diagnostico,diagnostico,risco_edema_macular,conjunto
1,IDRiD,IDRiD_001.jpg,retinopatia_diabetica,3,retinopatia_diabetica_grave,2,train
2,IDRiD,IDRiD_002.jpg,retinopatia_diabetica,3,retinopatia_diabetica_grave,2,train
3,IDRiD,IDRiD_003.jpg,retinopatia_diabetica,2,retinopatia_diabetica_moderada,2,train
4,IDRiD,IDRiD_004.jpg,retinopatia_diabetica,3,retinopatia_diabetica_grave,2,train
5,IDRiD,IDRiD_005.jpg,retinopatia_diabetica,4,retinopatia_diabetica_proliferativa,0,train
6,IDRiD,IDRiD_006.jpg,retinopatia_diabetica,4,retinopatia_diabetica_proliferativa,1,train
7,IDRiD,IDRiD_007.jpg,retinopatia_diabetica,4,retinopatia_diabetica_proliferativa,0,train
8,IDRiD,IDRiD_008.jpg,retinopatia_diabetica,4,retinopatia_diabetica_proliferativa,2,train
9,IDRiD,IDRiD_009.jpg,retinopatia_diabetica,3,retinopatia_diabetica_grave,2,train
10,IDRiD,IDRiD_010.jpg,retinopatia_diabetica,4,retinopatia_diabetica_proliferativa,1,train
11,IDRiD,IDRiD_011.jpg,retinopatia_diabetica,3,retinopatia_diabetica_grave,1,train
12,IDRiD,IDRiD_012.jpg,retinopatia_diabetica,3,retinopatia_diabetica_grave,2,train
13,IDRiD,IDRiD_013.jpg,retinopatia_diabetica,3,retinopatia_diabetica_grave,0,train
14,IDRiD,IDRiD_014.jpg,retinopatia_diabetica,4,retinopatia_diabetica_proliferativa,2,train
15,IDRiD,IDRiD_015.jpg,retinopatia_diabetica,4,retinopatia_diabetica_proliferativa,2,train
16,IDRiD,IDRiD_016.jpg,retinopatia_diabetica,2,retinopatia_diabetica_moderada,2,train
17,IDRiD,IDRiD_017.jpg,retinopatia_diabetica,4,retinopatia_diabetica_proliferativa,2,train
18,IDRiD,IDRiD_018.jpg,retinopatia_diabetica,2,retinopatia_diabetica_moderada,2,train
19,IDRiD,IDRiD_019.jpg,retinopatia_diabetica,2,retinopatia_diabetica_moderada,2,train
20,IDRiD,IDRiD_020.jpg,retinopatia_diabetica,2,retinopatia_diabetica_moderada,2,train
21,IDRiD,IDRiD_021.jpg,retinopatia_diabetica,1,retinopatia_diabetica_leve,0,train
22,IDRiD,IDRiD_022.jpg,retinopatia_diabetica,4,retinopatia_diabetica_proliferativa,2,train
23,IDRiD,IDRiD_023.jpg,retinopatia_diabetica,3,retinopatia_diabetica_grave,2,train
24,IDRiD,IDRiD_024.jpg,retinopatia_diabetica,4,retinopatia_diabetica_proliferativa,2,train
25,IDRiD,IDRiD_025.jpg,retinopatia_diabetica,3,retinopatia_diabetica_grave,2,train
26,IDRiD,IDRiD_026.jpg,retinopatia_diabetica,3,retinopatia_diabetica_grave,1,train
27,IDRiD,IDRiD_027.jpg,retinopatia_diabetica,4,retinopatia_diabetica_proliferativa,2,train
28,IDRiD,IDRiD_028.jpg,retinopatia_diabetica,4,retinopatia_diabetica_proliferativa,2,train
29,IDRiD,IDRiD_029.jpg,retinopatia_diabetica,2,retinopatia_diabetica_moderada,2,train
30,IDRiD,IDRiD_030.jpg,retinopatia_diabetica,4,retinopatia_diabetica_proliferativa,2,train
31,IDRiD,IDRiD_031.jpg,retinopatia_diabetica,4,retinopatia_diabetica_proliferativa,2,train
32,IDRiD,IDRiD_032.jpg,retinopatia_diabetica,4,retinopatia_diabetica_proliferativa,1,train
33,IDRiD,IDRiD_033.jpg,retinopatia_diabetica,4,retinopatia_diabetica_proliferativa,2,train
34,IDRiD,IDRiD_034.jpg,retinopatia_diabetica,3,retinopatia_diabetica_grave,2,train
35,IDRiD,IDRiD_035.jpg,retinopatia_diabetica,3,retinopatia_diabetica_grave,2,train
36,IDRiD,IDRiD_036.jpg,retinopatia_diabetica,3,retinopatia_diabetica_grave,2,train
37,IDRiD,IDRiD_037.jpg,retinopatia_diabetica,2,retinopatia_diabetica_moderada,1,train
38,IDRiD,IDRiD_038.jpg,retinopatia_diabetica,2,retinopatia_diabetica_moderada,0,train
39,IDRiD,IDRiD_039.jpg,retinopatia_diabetica,3,retinopatia_diabetica_grave,2,train
40,IDRiD,IDRiD_040.jpg,retinopatia_diabetica,3,retinopatia_diabetica_grave,2,train
41,IDRiD,IDRiD_041.jpg,retinopatia_diabetica,2,retinopatia_diabetica_moderada,2,train
42,IDRiD,IDRiD_042.jpg,retinopatia_diabetica,2,retinopatia_diabetica_moderada,2,train
43,IDRiD,IDRiD_043.jpg,retinopatia_diabetica,2,retinopatia_diabetica_moderada,0,train
44,IDRiD,IDRiD_044.jpg,retinopatia_diabetica,2,retinopatia_diabetica_moderada,2,train
45,IDRiD,IDRiD_045.jpg,retinopatia_diabetica,2,retinopatia_diabetica_moderada,0,train
46,IDRiD,IDRiD_046.jpg,retinopatia_diabetica,4,retinopatia_diabetica_proliferativa,0,train
47,IDRiD,IDRiD_047.jpg,retinopatia_diabetica,2,retinopatia_diabetica_moderada,2,train
48,IDRiD,IDRiD_048.jpg,retinopatia_diabetica,2,retinopatia_diabetica_moderada,2,train
49,IDRiD,IDRiD_049.jpg,retinopatia_diabetica,3,retinopatia_diabetica_grave,2,train
50,IDRiD,IDRiD_050.jpg,retinopatia_diabetica,2,retinopatia_diabetica_moderada,2,train
51,IDRiD,IDRiD_051.jpg,retinopatia_diabetica,2,retinopatia_diabetica_moderada,2,train
52,IDRiD,IDRiD_052.jpg,retinopatia_diabetica,2,retinopatia_diabetica_moderada,1,train
53,IDRiD,IDRiD_053.jpg,retinopatia_diabetica,4,retinopatia_diabetica_proliferativa,2,train
54,IDRiD,IDRiD_054.jpg,retinopatia_diabetica,4,retinopatia_diabetica_proliferativa,2,train
55,IDRiD,IDRiD_055.jpg,retinopatia_diabetica,3,retinopatia_diabetica_grave,2,train
56,IDRiD,IDRiD_056.jpg,retinopatia_diabetica,2,retinopatia_diabetica_moderada,2,train
57,IDRiD,IDRiD_057.jpg,retinopatia_diabetica,3,retinopatia_diabetica_grave,2,train
58,IDRiD,IDRiD_058.jpg,retinopatia_diabetica,2,retinopatia_diabetica_moderada,2,train
59,IDRiD,IDRiD_059.jpg,retinopatia_diabetica,2,retinopatia_diabetica_moderada,2,train
60,IDRiD,IDRiD_060.jpg,retinopatia_diabetica,2,retinopatia_diabetica_moderada,1,train
61,IDRiD,IDRiD_061.jpg,retinopatia_diabetica,2,retinopatia_diabetica_moderada,0,train
62,IDRiD,IDRiD_062.jpg,retinopatia_diabetica,4,retinopatia_diabetica_proliferativa,2,train
63,IDRiD,IDRiD_063.jpg,retinopatia_diabetica,2,retinopatia_diabetica_moderada,2,train
64,IDRiD,IDRiD_064.jpg,retinopatia_diabetica,2,retinopatia_diabetica_moderada,2,train
65,IDRiD,IDRiD_065.jpg,retinopatia_diabetica,3,retinopatia_diabetica_grave,0,train
66,IDRiD,IDRiD_066.jpg,retinopatia_diabetica,3,retinopatia_diabetica_grave,2,train
67,IDRiD,IDRiD_067.jpg,retinopatia_diabetica,4,retinopatia_diabetica_proliferativa,1,train
68,IDRiD,IDRiD_068.jpg,retinopatia_diabetica,2,retinopatia_diabetica_moderada,1,train
69,IDRiD,IDRiD_069.jpg,retinopatia_diabetica,2,retinopatia_diabetica_moderada,2,train
70,IDRiD,IDRiD_070.jpg,retinopatia_diabetica,4,retinopatia_diabetica_proliferativa,0,train
71,IDRiD,IDRiD_071.jpg,retinopatia_diabetica,2,retinopatia_diabetica_moderada,2,train
72,IDRiD,IDRiD_072.jpg,retinopatia_diabetica,2,retinopatia_diabetica_moderada,2,train
73,IDRiD,IDRiD_073.jpg,retinopatia_diabetica,2,retinopatia_diabetica_moderada,1,train
74,IDRiD,IDRiD_074.jpg,retinopatia_diabetica,2,retinopatia_diabetica_moderada,2,train
75,IDRiD,IDRiD_075.jpg,retinopatia_diabetica,3,retinopatia_diabetica_grave,2,train
76,IDRiD,IDRiD_076.jpg,retinopatia_diabetica,2,retinopatia_diabetica_moderada,2,train
77,IDRiD,IDRiD_077.jpg,retinopatia_diabetica,3,retinopatia_diabetica_grave,2,train
78,IDRiD,IDRiD_078.jpg,retinopatia_diabetica,2,retinopatia_diabetica_moderada,2,train
79,IDRiD,IDRiD_079.jpg,retinopatia_diabetica,1,retinopatia_diabetica_leve,0,train
80,IDRiD,IDRiD_080.jpg,retinopatia_diabetica,2,retinopatia_diabetica_moderada,1,train
81,IDRiD,IDRiD_081.jpg,retinopatia_diabetica,4,retinopatia_diabetica_proliferativa,2,train
82,IDRiD,IDRiD_082.jpg,retinopatia_diabetica,2,retinopatia_diabetica_moderada,2,train
83,IDRiD,IDRiD_083.jpg,retinopatia_diabetica,2,retinopatia_diabetica_moderada,2,train
84,IDRiD,IDRiD_084.jpg,retinopatia_diabetica,2,retinopatia_diabetica_moderada,2,train
85,IDRiD,IDRiD_085.jpg,retinopatia_diabetica,2,retinopatia_diabetica_moderada,2,train
86,IDRiD,IDRiD_086.jpg,retinopatia_diabetica,4,retinopatia_diabetica_proliferativa,2,train
87,IDRiD,IDRiD_087.jpg,retinopatia_diabetica,2,retinopatia_diabetica_moderada,2,train
88,IDRiD,IDRiD_088.jpg,retinopatia_diabetica,3,retinopatia_diabetica_grave,2,train
89,IDRiD,IDRiD_089.jpg,retinopatia_diabetica,4,retinopatia_diabetica_proliferativa,2,train
90,IDRiD,IDRiD_090.jpg,retinopatia_diabetica,4,retinopatia_diabetica_proliferativa,2,train
91,IDRiD,IDRiD_091.jpg,retinopatia_diabetica,2,retinopatia_diabetica_moderada,2,train
92,IDRiD,IDRiD_092.jpg,retinopatia_diabetica,2,retinopatia_diabetica_moderada,2,train
93,IDRiD,IDRiD_093.jpg,retinopatia_diabetica,2,retinopatia_diabetica_moderada,1,train
94,IDRiD,IDRiD_094.jpg,retinopatia_diabetica,2,retinopatia_diabetica_moderada,1,train
95,IDRiD,IDRiD_095.jpg,retinopatia_diabetica,3,retinopatia_diabetica_grave,2,train
96,IDRiD,IDRiD_096.jpg,retinopatia_diabetica,4,retinopatia_diabetica_proliferativa,2,train
97,IDRiD,IDRiD_097.jpg,retinopatia_diabetica,2,retinopatia_diabetica_moderada,1,train
98,IDRiD,IDRiD_098.jpg,retinopatia_diabetica,3,retinopatia_diabetica_grave,2,train
99,IDRiD,IDRiD_099.jpg,retinopatia_diabetica,3,retinopatia_diabetica_grave,2,train
100,IDRiD,IDRiD_100.jpg,retinopatia_diabetica,4,retinopatia_diabetica_proliferativa,2,train
101,IDRiD,IDRiD_101.jpg,retinopatia_diabetica,3,retinopatia_diabetica_grave,2,train
102,IDRiD,IDRiD_102.jpg,retinopatia_diabetica,2,retinopatia_diabetica_moderada,2,train
103,IDRiD,IDRiD_103.jpg,retinopatia_diabetica,2,retinopatia_diabetica_moderada,2,train
104,IDRiD,IDRiD_104.jpg,retinopatia_diabetica,4,retinopatia_diabetica_proliferativa,2,train
105,IDRiD,IDRiD_105.jpg,retinopatia_diabetica,1,retinopatia_diabetica_leve,0,train
106,IDRiD,IDRiD_106.jpg,retinopatia_diabetica,2,retinopatia_diabetica_moderada,2,train
107,IDRiD,IDRiD_107.jpg,retinopatia_diabetica,2,retinopatia_diabetica_moderada,2,train
108,IDRiD,IDRiD_108.jpg,retinopatia_diabetica,3,retinopatia_diabetica_grave,1,train
109,IDRiD,IDRiD_109.jpg,retinopatia_diabetica,2,retinopatia_diabetica_moderada,2,train
110,IDRiD,IDRiD_110.jpg,retinopatia_diabetica,3,retinopatia_diabetica_grave,2,train
111,IDRiD,IDRiD_111.jpg,retinopatia_diabetica,4,retinopatia_diabetica_proliferativa,2,train
112,IDRiD,IDRiD_112.jpg,retinopatia_diabetica,3,retinopatia_diabetica_grave,2,train
113,IDRiD,IDRiD_113.jpg,retinopatia_diabetica,2,retinopatia_diabetica_moderada,2,train
114,IDRiD,IDRiD_114.jpg,retinopatia_diabetica,3,retinopatia_diabetica_grave,2,train
115,IDRiD,IDRiD_115.jpg,retinopatia_diabetica,3,retinopatia_diabetica_grave,2,train
116,IDRiD,IDRiD_116.jpg,retinopatia_diabetica,2,retinopatia_diabetica_moderada,2,train
117,IDRiD,IDRiD_117.jpg,retinopatia_diabetica,2,retinopatia_diabetica_moderada,2,train
118,IDRiD,IDRiD_118.jpg,retinopatia_diabetica,0,sem_retinopatia_diabetica,0,train
119,IDRiD,IDRiD_119.jpg,retinopatia_diabetica,4,retinopatia_diabetica_proliferativa,2,train
120,IDRiD,IDRiD_120.jpg,retinopatia_diabetica,2,retinopatia_diabetica_moderada,0,train
121,IDRiD,IDRiD_121.jpg,retinopatia_diabetica,2,retinopatia_diabetica_moderada,2,train
122,IDRiD,IDRiD_122.jpg,retinopatia_diabetica,2,retinopatia_diabetica_moderada,2,train
123,IDRiD,IDRiD_123.jpg,retinopatia_diabetica,2,retinopatia_diabetica_moderada,2,train
124,IDRiD,IDRiD_124.jpg,retinopatia_diabetica,2,retinopatia_diabetica_moderada,2,train
125,IDRiD,IDRiD_125.jpg,retinopatia_diabetica,2,retinopatia_diabetica_moderada,2,train
126,IDRiD,IDRiD_126.jpg,retinopatia_diabetica,2,retinopatia_diabetica_moderada,2,train
127,IDRiD,IDRiD_127.jpg,retinopatia_diabetica,2,retinopatia_diabetica_moderada,2,train
128,IDRiD,IDRiD_128.jpg,retinopatia_diabetica,2,retinopatia_diabetica_moderada,2,train
129,IDRiD,IDRiD_129.jpg,retinopatia_diabetica,2,retinopatia_diabetica_moderada,2,train
130,IDRiD,IDRiD_130.jpg,retinopatia_diabetica,2,retinopatia_diabetica_moderada,2,train
131,IDRiD,IDRiD_131.jpg,retinopatia_diabetica,2,retinopatia_diabetica_moderada,1,train
132,IDRiD,IDRiD_132.jpg,retinopatia_diabetica,2,retinopatia_diabetica_moderada,2,train
133,IDRiD,IDRiD_133.jpg,retinopatia_diabetica,2,retinopatia_diabetica_moderada,0,train
134,IDRiD,IDRiD_134.jpg,retinopatia_diabetica,2,retinopatia_diabetica_moderada,2,train
135,IDRiD,IDRiD_135.jpg,retinopatia_diabetica,2,retinopatia_diabetica_moderada,1,train
136,IDRiD,IDRiD_136.jpg,retinopatia_diabetica,2,retinopatia_diabetica_moderada,1,train
137,IDRiD,IDRiD_137.jpg,retinopatia_diabetica,2,retinopatia_diabetica_moderada,1,train
138,IDRiD,IDRiD_138.jpg,retinopatia_diabetica,0,sem_retinopatia_diabetica,0,train
139,IDRiD,IDRiD_139.jpg,retinopatia_diabetica,0,sem_retinopatia_diabetica,0,train
140,IDRiD,IDRiD_140.jpg,retinopatia_diabetica,0,sem_retinopatia_diabetica,0,train
141,IDRiD,IDRiD_141.jpg,retinopatia_diabetica,0,sem_retinopatia_diabetica,0,train
142,IDRiD,IDRiD_142.jpg,retinopatia_diabetica,0,sem_retinopatia_diabetica,0,train
143,IDRiD,IDRiD_143.jpg,retinopatia_diabetica,0,sem_retinopatia_diabetica,0,train
144,IDRiD,IDRiD_144.jpg,retinopatia_diabetica,0,sem_retinopatia_diabetica,0,train
145,IDRiD,IDRiD_145.jpg,retinopatia_diabetica,0,sem_retinopatia_diabetica,0,train
146,IDRiD,IDRiD_146.jpg,retinopatia_diabetica,0,sem_retinopatia_diabetica,0,train
147,IDRiD,IDRiD_147.jpg,retinopatia_diabetica,0,sem_retinopatia_diabetica,0,train
148,IDRiD,IDRiD_148.jpg,retinopatia_diabetica,0,sem_retinopatia_diabetica,0,train
149,IDRiD,IDRiD_149.jpg,retinopatia_diabetica,0,sem_retinopatia_diabetica,0,train
150,IDRiD,IDRiD_150.jpg,retinopatia_diabetica,0,sem_retinopatia_diabetica,0,train
151,IDRiD,IDRiD_151.jpg,retinopatia_diabetica,0,sem_retinopatia_diabetica,0,train
152,IDRiD,IDRiD_152.jpg,retinopatia_diabetica,0,sem_retinopatia_diabetica,0,train
153,IDRiD,IDRiD_153.jpg,retinopatia_diabetica,0,sem_retinopatia_diabetica,0,train
154,IDRiD,IDRiD_154.jpg,retinopatia_diabetica,0,sem_retinopatia_diabetica,0,train
155,IDRiD,IDRiD_155.jpg,retinopatia_diabetica,0,sem_retinopatia_diabetica,0,train
156,IDRiD,IDRiD_156.jpg,retinopatia_diabetica,0,sem_retinopatia_diabetica,0,train
157,IDRiD,IDRiD_157.jpg,retinopatia_diabetica,0,sem_retinopatia_diabetica,0,train
158,IDRiD,IDRiD_158.jpg,retinopatia_diabetica,0,sem_retinopatia_diabetica,0,train
159,IDRiD,IDRiD_159.jpg,retinopatia_diabetica,0,sem_retinopatia_diabetica,0,train
160,IDRiD,IDRiD_160.jpg,retinopatia_diabetica,0,sem_retinopatia_diabetica,0,train
161,IDRiD,IDRiD_161.jpg,retinopatia_diabetica,0,sem_retinopatia_diabetica,0,train
162,IDRiD,IDRiD_162.jpg,retinopatia_diabetica,0,sem_retinopatia_diabetica,0,train
163,IDRiD,IDRiD_163.jpg,retinopatia_diabetica,0,sem_retinopatia_diabetica,0,train
164,IDRiD,IDRiD_164.jpg,retinopatia_diabetica,0,sem_retinopatia_diabetica,0,train
165,IDRiD,IDRiD_165.jpg,retinopatia_diabetica,0,sem_retinopatia_diabetica,0,train
166,IDRiD,IDRiD_166.jpg,retinopatia_diabetica,0,sem_retinopatia_diabetica,0,train
167,IDRiD,IDRiD_167.jpg,retinopatia_diabetica,0,sem_retinopatia_diabetica,0,train
168,IDRiD,IDRiD_168.jpg,retinopatia_diabetica,0,sem_retinopatia_diabetica,0,train
169,IDRiD,IDRiD_169.jpg,retinopatia_diabetica,0,sem_retinopatia_diabetica,0,train
170,IDRiD,IDRiD_170.jpg,retinopatia_diabetica,0,sem_retinopatia_diabetica,0,train
171,IDRiD,IDRiD_171.jpg,retinopatia_diabetica,0,sem_retinopatia_diabetica,0,train
172,IDRiD,IDRiD_172.jpg,retinopatia_diabetica,0,sem_retinopatia_diabetica,0,train
173,IDRiD,IDRiD_173.jpg,retinopatia_diabetica,0,sem_retinopatia_diabetica,0,train
174,IDRiD,IDRiD_174.jpg,retinopatia_diabetica,0,sem_retinopatia_diabetica,0,train
175,IDRiD,IDRiD_175.jpg,retinopatia_diabetica,0,sem_retinopatia_diabetica,0,train
176,IDRiD,IDRiD_176.jpg,retinopatia_diabetica,0,sem_retinopatia_diabetica,0,train
177,IDRiD,IDRiD_177.jpg,retinopatia_diabetica,0,sem_retinopatia_diabetica,0,train
178,IDRiD,IDRiD_178.jpg,retinopatia_diabetica,4,retinopatia_diabetica_proliferativa,2,train
179,IDRiD,IDRiD_179.jpg,retinopatia_diabetica,0,sem_retinopatia_diabetica,0,train
180,IDRiD,IDRiD_180.jpg,retinopatia_diabetica,3,retinopatia_diabetica_grave,2,train
181,IDRiD,IDRiD_181.jpg,retinopatia_diabetica,0,sem_retinopatia_diabetica,0,train
182,IDRiD,IDRiD_182.jpg,retinopatia_diabetica,0,sem_retinopatia_diabetica,0,train
183,IDRiD,IDRiD_183.jpg,retinopatia_diabetica,2,retinopatia_diabetica_moderada,2,train
184,IDRiD,IDRiD_184.jpg,retinopatia_diabetica,0,sem_retinopatia_diabetica,0,train
185,IDRiD,IDRiD_185.jpg,retinopatia_diabetica,2,retinopatia_diabetica_moderada,2,train
186,IDRiD,IDRiD_186.jpg,retinopatia_diabetica,2,retinopatia_diabetica_moderada,2,train
187,IDRiD,IDRiD_187.jpg,retinopatia_diabetica,2,retinopatia_diabetica_moderada,1,train
188,IDRiD,IDRiD_188.jpg,retinopatia_diabetica,2,retinopatia_diabetica_moderada,1,train
189,IDRiD,IDRiD_189.jpg,retinopatia_diabetica,4,retinopatia_diabetica_proliferativa,2,train
190,IDRiD,IDRiD_190.jpg,retinopatia_diabetica,0,sem_retinopatia_diabetica,0,train
191,IDRiD,IDRiD_191.jpg,retinopatia_diabetica,2,retinopatia_diabetica_moderada,0,train
192,IDRiD,IDRiD_192.jpg,retinopatia_diabetica,3,retinopatia_diabetica_grave,2,train
193,IDRiD,IDRiD_193.jpg,retinopatia_diabetica,0,sem_retinopatia_diabetica,0,train
194,IDRiD,IDRiD_194.jpg,retinopatia_diabetica,1,retinopatia_diabetica_leve,0,train
195,IDRiD,IDRiD_195.jpg,retinopatia_diabetica,0,sem_retinopatia_diabetica,0,train
196,IDRiD,IDRiD_196.jpg,retinopatia_diabetica,2,retinopatia_diabetica_moderada,2,train
197,IDRiD,IDRiD_197.jpg,retinopatia_diabetica,0,sem_retinopatia_diabetica,0,train
198,IDRiD,IDRiD_198.jpg,retinopatia_diabetica,1,retinopatia_diabetica_leve,0,train
199,IDRiD,IDRiD_199.jpg,retinopatia_diabetica,0,sem_retinopatia_diabetica,0,train
200,IDRiD,IDRiD_200.jpg,retinopatia_diabetica,0,sem_retinopatia_diabetica,0,train
201,IDRiD,IDRiD_201.jpg,retinopatia_diabetica,2,retinopatia_diabetica_moderada,0,train
202,IDRiD,IDRiD_202.jpg,retinopatia_diabetica,0,sem_retinopatia_diabetica,0,train
203,IDRiD,IDRiD_203.jpg,retinopatia_diabetica,1,retinopatia_diabetica_leve,0,train
204,IDRiD,IDRiD_204.jpg,retinopatia_diabetica,0,sem_retinopatia_diabetica,0,train
205,IDRiD,IDRiD_205.jpg,retinopatia_diabetica,0,sem_retinopatia_diabetica,0,train
206,IDRiD,IDRiD_206.jpg,retinopatia_diabetica,0,sem_retinopatia_diabetica,0,train
207,IDRiD,IDRiD_207.jpg,retinopatia_diabetica,3,retinopatia_diabetica_grave,2,train
208,IDRiD,IDRiD_208.jpg,retinopatia_diabetica,2,retinopatia_diabetica_moderada,2,train
209,IDRiD,IDRiD_209.jpg,retinopatia_diabetica,0,sem_retinopatia_diabetica,0,train
210,IDRiD,IDRiD_210.jpg,retinopatia_diabetica,0,sem_retinopatia_diabetica,0,train
211,IDRiD,IDRiD_211.jpg,retinopatia_diabetica,0,sem_retinopatia_diabetica,0,train
212,IDRiD,IDRiD_212.jpg,retinopatia_diabetica,0,sem_retinopatia_diabetica,0,train
213,IDRiD,IDRiD_213.jpg,retinopatia_diabetica,0,sem_retinopatia_diabetica,0,train
214,IDRiD,IDRiD_214.jpg,retinopatia_diabetica,0,sem_retinopatia_diabetica,0,train
215,IDRiD,IDRiD_215.jpg,retinopatia_diabetica,2,retinopatia_diabetica_moderada,1,train
216,IDRiD,IDRiD_216.jpg,retinopatia_diabetica,2,retinopatia_diabetica_moderada,1,train
217,IDRiD,IDRiD_217.jpg,retinopatia_diabetica,0,sem_retinopatia_diabetica,0,train
218,IDRiD,IDRiD_218.jpg,retinopatia_diabetica,0,sem_retinopatia_diabetica,0,train
219,IDRiD,IDRiD_219.jpg,retinopatia_diabetica,0,sem_retinopatia_diabetica,0,train
220,IDRiD,IDRiD_220.jpg,retinopatia_diabetica,0,sem_retinopatia_diabetica,0,train
221,IDRiD,IDRiD_221.jpg,retinopatia_diabetica,0,sem_retinopatia_diabetica,0,train
222,IDRiD,IDRiD_222.jpg,retinopatia_diabetica,0,sem_retinopatia_diabetica,0,train
223,IDRiD,IDRiD_223.jpg,retinopatia_diabetica,0,sem_retinopatia_diabetica,0,train
224,IDRiD,IDRiD_224.jpg,retinopatia_diabetica,4,retinopatia_diabetica_proliferativa,2,train
225,IDRiD,IDRiD_225.jpg,retinopatia_diabetica,0,sem_retinopatia_diabetica,0,train
226,IDRiD,IDRiD_226.jpg,retinopatia_diabetica,0,sem_retinopatia_diabetica,0,train
227,IDRiD,IDRiD_227.jpg,retinopatia_diabetica,0,sem_retinopatia_diabetica,0,train
228,IDRiD,IDRiD_228.jpg,retinopatia_diabetica,0,sem_retinopatia_diabetica,0,train
229,IDRiD,IDRiD_229.jpg,retinopatia_diabetica,0,sem_retinopatia_diabetica,0,train
230,IDRiD,IDRiD_230.jpg,retinopatia_diabetica,0,sem_retinopatia_diabetica,0,train
231,IDRiD,IDRiD_231.jpg,retinopatia_diabetica,2,retinopatia_diabetica_moderada,2,train
232,IDRiD,IDRiD_232.jpg,retinopatia_diabetica,2,retinopatia_diabetica_moderada,2,train
233,IDRiD,IDRiD_233.jpg,retinopatia_diabetica,0,sem_retinopatia_diabetica,0,train
234,IDRiD,IDRiD_234.jpg,retinopatia_diabetica,0,sem_retinopatia_diabetica,0,train
235,IDRiD,IDRiD_235.jpg,retinopatia_diabetica,0,sem_retinopatia_diabetica,0,train
236,IDRiD,IDRiD_236.jpg,retinopatia_diabetica,2,retinopatia_diabetica_moderada,2,train
237,IDRiD,IDRiD_237.jpg,retinopatia_diabetica,2,retinopatia_diabetica_moderada,2,train
238,IDRiD,IDRiD_238.jpg,retinopatia_diabetica,0,sem_retinopatia_diabetica,0,train
239,IDRiD,IDRiD_239.jpg,retinopatia_diabetica,4,retinopatia_diabetica_proliferativa,2,train
240,IDRiD,IDRiD_240.jpg,retinopatia_diabetica,4,retinopatia_diabetica_proliferativa,2,train
241,IDRiD,IDRiD_241.jpg,retinopatia_diabetica,2,retinopatia_diabetica_moderada,2,train
242,IDRiD,IDRiD_242.jpg,retinopatia_diabetica,2,retinopatia_diabetica_moderada,2,train
243,IDRiD,IDRiD_243.jpg,retinopatia_diabetica,0,sem_retinopatia_diabetica,0,train
244,IDRiD,IDRiD_244.jpg,retinopatia_diabetica,0,sem_retinopatia_diabetica,0,train
245,IDRiD,IDRiD_245.jpg,retinopatia_diabetica,2,retinopatia_diabetica_moderada,2,train
246,IDRiD,IDRiD_246.jpg,retinopatia_diabetica,4,retinopatia_diabetica_proliferativa,2,train
247,IDRiD,IDRiD_247.jpg,retinopatia_diabetica,2,retinopatia_diabetica_moderada,2,train
248,IDRiD,IDRiD_248.jpg,retinopatia_diabetica,2,retinopatia_diabetica_moderada,2,train
249,IDRiD,IDRiD_249.jpg,retinopatia_diabetica,0,sem_retinopatia_diabetica,0,train
250,IDRiD,IDRiD_250.jpg,retinopatia_diabetica,0,sem_retinopatia_diabetica,0,train
251,IDRiD,IDRiD_251.jpg,retinopatia_diabetica,0,sem_retinopatia_diabetica,0,train
252,IDRiD,IDRiD_252.jpg,retinopatia_diabetica,2,retinopatia_diabetica_moderada,1,train
253,IDRiD,IDRiD_253.jpg,retinopatia_diabetica,3,retinopatia_diabetica_grave,1,train
254,IDRiD,IDRiD_254.jpg,retinopatia_diabetica,4,retinopatia_diabetica_proliferativa,2,train
255,IDRiD,IDRiD_255.jpg,retinopatia_diabetica,0,sem_retinopatia_diabetica,0,train
256,IDRiD,IDRiD_256.jpg,retinopatia_diabetica,1,retinopatia_diabetica_leve,0,train
257,IDRiD,IDRiD_257.jpg,retinopatia_diabetica,0,sem_retinopatia_diabetica,0,train
258,IDRiD,IDRiD_258.jpg,retinopatia_diabetica,0,sem_retinopatia_diabetica,0,train
259,IDRiD,IDRiD_259.jpg,retinopatia_diabetica,0,sem_retinopatia_diabetica,0,train
260,IDRiD,IDRiD_260.jpg,retinopatia_diabetica,2,retinopatia_diabetica_moderada,2,train
261,IDRiD,IDRiD_261.jpg,retinopatia_diabetica,2,retinopatia_diabetica_moderada,2,train
262,IDRiD,IDRiD_262.jpg,retinopatia_diabetica,2,retinopatia_diabetica_moderada,1,train
263,IDRiD,IDRiD_263.jpg,retinopatia_diabetica,2,retinopatia_diabetica_moderada,1,train
264,IDRiD,IDRiD_264.jpg,retinopatia_diabetica,0,sem_retinopatia_diabetica,0,train
265,IDRiD,IDRiD_265.jpg,retinopatia_diabetica,1,retinopatia_diabetica_leve,0,train
266,IDRiD,IDRiD_266.jpg,retinopatia_diabetica,1,retinopatia_diabetica_leve,0,train
267,IDRiD,IDRiD_267.jpg,retinopatia_diabetica,0,sem_retinopatia_diabetica,0,train
268,IDRiD,IDRiD_268.jpg,retinopatia_diabetica,0,sem_retinopatia_diabetica,0,train
269,IDRiD,IDRiD_269.jpg,retinopatia_diabetica,3,retinopatia_diabetica_grave,0,train
270,IDRiD,IDRiD_270.jpg,retinopatia_diabetica,2,retinopatia_diabetica_moderada,1,train
271,IDRiD,IDRiD_271.jpg,retinopatia_diabetica,3,retinopatia_diabetica_grave,2,train
272,IDRiD,IDRiD_272.jpg,retinopatia_diabetica,4,retinopatia_diabetica_proliferativa,2,train
273,IDRiD,IDRiD_273.jpg,retinopatia_diabetica,0,sem_retinopatia_diabetica,0,train
274,IDRiD,IDRiD_274.jpg,retinopatia_diabetica,0,sem_retinopatia_diabetica,0,train
275,IDRiD,IDRiD_275.jpg,retinopatia_diabetica,0,sem_retinopatia_diabetica,0,train
276,IDRiD,IDRiD_276.jpg,retinopatia_diabetica,0,sem_retinopatia_diabetica,0,train
277,IDRiD,IDRiD_277.jpg,retinopatia_diabetica,3,retinopatia_diabetica_grave,2,train
278,IDRiD,IDRiD_278.jpg,retinopatia_diabetica,3,retinopatia_diabetica_grave,2,train
279,IDRiD,IDRiD_279.jpg,retinopatia_diabetica,1,retinopatia_diabetica_leve,0,train
280,IDRiD,IDRiD_280.jpg,retinopatia_diabetica,2,retinopatia_diabetica_moderada,2,train
281,IDRiD,IDRiD_281.jpg,retinopatia_diabetica,2,retinopatia_diabetica_moderada,2,train
282,IDRiD,IDRiD_282.jpg,retinopatia_diabetica,2,retinopatia_diabetica_moderada,1,train
283,IDRiD,IDRiD_283.jpg,retinopatia_diabetica,2,retinopatia_diabetica_moderada,2,train
284,IDRiD,IDRiD_284.jpg,retinopatia_diabetica,2,retinopatia_diabetica_moderada,2,train
285,IDRiD,IDRiD_285.jpg,retinopatia_diabetica,4,retinopatia_diabetica_proliferativa,2,train
286,IDRiD,IDRiD_286.jpg,retinopatia_diabetica,4,retinopatia_diabetica_proliferativa,2,train
287,IDRiD,IDRiD_287.jpg,retinopatia_diabetica,0,sem_retinopatia_diabetica,0,train
288,IDRiD,IDRiD_288.jpg,retinopatia_diabetica,0,sem_retinopatia_diabetica,0,train
289,IDRiD,IDRiD_289.jpg,retinopatia_diabetica,4,retinopatia_diabetica_proliferativa,2,train
290,IDRiD,IDRiD_290.jpg,retinopatia_diabetica,1,retinopatia_diabetica_leve,0,train
291,IDRiD,IDRiD_291.jpg,retinopatia_diabetica,1,retinopatia_diabetica_leve,0,train
292,IDRiD,IDRiD_292.jpg,retinopatia_diabetica,0,sem_retinopatia_diabetica,0,train
293,IDRiD,IDRiD_293.jpg,retinopatia_diabetica,2,retinopatia_diabetica_moderada,2,train
294,IDRiD,IDRiD_294.jpg,retinopatia_diabetica,2,retinopatia_diabetica_moderada,2,train
295,IDRiD,IDRiD_295.jpg,retinopatia_diabetica,0,sem_retinopatia_diabetica,0,train
296,IDRiD,IDRiD_296.jpg,retinopatia_diabetica,3,retinopatia_diabetica_grave,2,train
297,IDRiD,IDRiD_297.jpg,retinopatia_diabetica,0,sem_retinopatia_diabetica,0,train
298,IDRiD,IDRiD_298.jpg,retinopatia_diabetica,0,sem_retinopatia_diabetica,0,train
299,IDRiD,IDRiD_299.jpg,retinopatia_diabetica,3,retinopatia_diabetica_grave,2,train
300,IDRiD,IDRiD_300.jpg,retinopatia_diabetica,2,retinopatia_diabetica_moderada,2,train
301,IDRiD,IDRiD_301.jpg,retinopatia_diabetica,1,retinopatia_diabetica_leve,0,train
302,IDRiD,IDRiD_302.jpg,retinopatia_diabetica,1,retinopatia_diabetica_leve,0,train
303,IDRiD,IDRiD_303.jpg,retinopatia_diabetica,2,retinopatia_diabetica_moderada,1,train
304,IDRiD,IDRiD_304.jpg,retinopatia_diabetica,1,retinopatia_diabetica_leve,0,train
305,IDRiD,IDRiD_305.jpg,retinopatia_diabetica,0,sem_retinopatia_diabetica,0,train
306,IDRiD,IDRiD_306.jpg,retinopatia_diabetica,3,retinopatia_diabetica_grave,2,train
307,IDRiD,IDRiD_307.jpg,retinopatia_diabetica,0,sem_retinopatia_diabetica,0,train
308,IDRiD,IDRiD_308.jpg,retinopatia_diabetica,3,retinopatia_diabetica_grave,2,train
309,IDRiD,IDRiD_309.jpg,retinopatia_diabetica,3,retinopatia_diabetica_grave,2,train
310,IDRiD,IDRiD_310.jpg,retinopatia_diabetica,2,retinopatia_diabetica_moderada,2,train
311,IDRiD,IDRiD_311.jpg,retinopatia_diabetica,2,retinopatia_diabetica_moderada,0,train
312,IDRiD,IDRiD_312.jpg,retinopatia_diabetica,0,sem_retinopatia_diabetica,0,train
313,IDRiD,IDRiD_313.jpg,retinopatia_diabetica,4,retinopatia_diabetica_proliferativa,2,train
314,IDRiD,IDRiD_314.jpg,retinopatia_diabetica,3,retinopatia_diabetica_grave,2,train
315,IDRiD,IDRiD_315.jpg,retinopatia_diabetica,0,sem_retinopatia_diabetica,0,train
316,IDRiD,IDRiD_316.jpg,retinopatia_diabetica,0,sem_retinopatia_diabetica,0,train
317,IDRiD,IDRiD_317.jpg,retinopatia_diabetica,0,sem_retinopatia_diabetica,0,train
318,IDRiD,IDRiD_318.jpg,retinopatia_diabetica,0,sem_retinopatia_diabetica,0,train
319,IDRiD,IDRiD_319.jpg,retinopatia_diabetica,2,retinopatia_diabetica_moderada,2,train
320,IDRiD,IDRiD_320.jpg,retinopatia_diabetica,3,retinopatia_diabetica_grave,2,train
321,IDRiD,IDRiD_321.jpg,retinopatia_diabetica,3,retinopatia_diabetica_grave,2,train
322,IDRiD,IDRiD_322.jpg,retinopatia_diabetica,2,retinopatia_diabetica_moderada,2,train
323,IDRiD,IDRiD_323.jpg,retinopatia_diabetica,3,retinopatia_diabetica_grave,2,train
324,IDRiD,IDRiD_324.jpg,retinopatia_diabetica,3,retinopatia_diabetica_grave,2,train
325,IDRiD,IDRiD_325.jpg,retinopatia_diabetica,2,retinopatia_diabetica_moderada,2,train
326,IDRiD,IDRiD_326.jpg,retinopatia_diabetica,2,retinopatia_diabetica_moderada,2,train
327,IDRiD,IDRiD_327.jpg,retinopatia_diabetica,3,retinopatia_diabetica_grave,2,train
328,IDRiD,IDRiD_328.jpg,retinopatia_diabetica,2,retinopatia_diabetica_moderada,2,train
329,IDRiD,IDRiD_329.jpg,retinopatia_diabetica,3,retinopatia_diabetica_grave,2,train
330,IDRiD,IDRiD_330.jpg,retinopatia_diabetica,3,retinopatia_diabetica_grave,2,train
331,IDRiD,IDRiD_331.jpg,retinopatia_diabetica,0,sem_retinopatia_diabetica,0,train
332,IDRiD,IDRiD_332.jpg,retinopatia_diabetica,2,retinopatia_diabetica_moderada,2,train
333,IDRiD,IDRiD_333.jpg,retinopatia_diabetica,2,retinopatia_diabetica_moderada,1,train
334,IDRiD,IDRiD_334.jpg,retinopatia_diabetica,3,retinopatia_diabetica_grave,2,train
335,IDRiD,IDRiD_335.jpg,retinopatia_diabetica,0,sem_retinopatia_diabetica,0,train
336,IDRiD,IDRiD_336.jpg,retinopatia_diabetica,0,sem_retinopatia_diabetica,0,train
337,IDRiD,IDRiD_337.jpg,retinopatia_diabetica,2,retinopatia_diabetica_moderada,2,train
338,IDRiD,IDRiD_338.jpg,retinopatia_diabetica,2,retinopatia_diabetica_moderada,2,train
339,IDRiD,IDRiD_339.jpg,retinopatia_diabetica,3,retinopatia_diabetica_grave,2,train
340,IDRiD,IDRiD_340.jpg,retinopatia_diabetica,2,retinopatia_diabetica_moderada,1,train
341,IDRiD,IDRiD_341.jpg,retinopatia_diabetica,3,retinopatia_diabetica_grave,2,train
342,IDRiD,IDRiD_342.jpg,retinopatia_diabetica,0,sem_retinopatia_diabetica,0,train
343,IDRiD,IDRiD_343.jpg,retinopatia_diabetica,2,retinopatia_diabetica_moderada,2,train
344,IDRiD,IDRiD_344.jpg,retinopatia_diabetica,3,retinopatia_diabetica_grave,2,train
345,IDRiD,IDRiD_345.jpg,retinopatia_diabetica,0,sem_retinopatia_diabetica,0,train
346,IDRiD,IDRiD_346.jpg,retinopatia_diabetica,0,sem_retinopatia_diabetica,0,train
347,IDRiD,IDRiD_347.jpg,retinopatia_diabetica,3,retinopatia_diabetica_grave,2,train
348,IDRiD,IDRiD_348.jpg,retinopatia_diabetica,2,retinopatia_diabetica_moderada,2,train
349,IDRiD,IDRiD_349.jpg,retinopatia_diabetica,3,retinopatia_diabetica_grave,2,train
350,IDRiD,IDRiD_350.jpg,retinopatia_diabetica,2,retinopatia_diabetica_moderada,2,train
351,IDRiD,IDRiD_351.jpg,retinopatia_diabetica,0,sem_retinopatia_diabetica,0,train
352,IDRiD,IDRiD_352.jpg,retinopatia_diabetica,0,sem_retinopatia_diabetica,0,train
353,IDRiD,IDRiD_353.jpg,retinopatia_diabetica,0,sem_retinopatia_diabetica,0,train
354,IDRiD,IDRiD_354.jpg,retinopatia_diabetica,3,retinopatia_diabetica_grave,2,train
355,IDRiD,IDRiD_355.jpg,retinopatia_diabetica,0,sem_retinopatia_diabetica,0,train
356,IDRiD,IDRiD_356.jpg,retinopatia_diabetica,3,retinopatia_diabetica_grave,2,train
357,IDRiD,IDRiD_357.jpg,retinopatia_diabetica,3,retinopatia_diabetica_grave,2,train
358,IDRiD,IDRiD_358.jpg,retinopatia_diabetica,0,sem_retinopatia_diabetica,0,train
359,IDRiD,IDRiD_359.jpg,retinopatia_diabetica,0,sem_retinopatia_diabetica,0,train
360,IDRiD,IDRiD_360.jpg,retinopatia_diabetica,2,retinopatia_diabetica_moderada,2,train
361,IDRiD,IDRiD_361.jpg,retinopatia_diabetica,4,retinopatia_diabetica_proliferativa,2,train
362,IDRiD,IDRiD_362.jpg,retinopatia_diabetica,4,retinopatia_diabetica_proliferativa,2,train
363,IDRiD,IDRiD_363.jpg,retinopatia_diabetica,2,retinopatia_diabetica_moderada,1,train
364,IDRiD,IDRiD_364.jpg,retinopatia_diabetica,3,retinopatia_diabetica_grave,2,train
365,IDRiD,IDRiD_365.jpg,retinopatia_diabetica,0,sem_retinopatia_diabetica,0,train
366,IDRiD,IDRiD_366.jpg,retinopatia_diabetica,3,retinopatia_diabetica_grave,2,train
367,IDRiD,IDRiD_367.jpg,retinopatia_diabetica,0,sem_retinopatia_diabetica,0,train
368,IDRiD,IDRiD_368.jpg,retinopatia_diabetica,3,retinopatia_diabetica_grave,2,train
369,IDRiD,IDRiD_369.jpg,retinopatia_diabetica,3,retinopatia_diabetica_grave,2,train
370,IDRiD,IDRiD_370.jpg,retinopatia_diabetica,0,sem_retinopatia_diabetica,0,train
371,IDRiD,IDRiD_371.jpg,retinopatia_diabetica,3,retinopatia_diabetica_grave,2,train
372,IDRiD,IDRiD_372.jpg,retinopatia_diabetica,3,retinopatia_diabetica_grave,2,train
373,IDRiD,IDRiD_373.jpg,retinopatia_diabetica,0,sem_retinopatia_diabetica,0,train
374,IDRiD,IDRiD_374.jpg,retinopatia_diabetica,2,retinopatia_diabetica_moderada,1,train
375,IDRiD,IDRiD_375.jpg,retinopatia_diabetica,2,retinopatia_diabetica_moderada,1,train
376,IDRiD,IDRiD_376.jpg,retinopatia_diabetica,3,retinopatia_diabetica_grave,2,train
377,IDRiD,IDRiD_377.jpg,retinopatia_diabetica,3,retinopatia_diabetica_grave,2,train
378,IDRiD,IDRiD_378.jpg,retinopatia_diabetica,0,sem_retinopatia_diabetica,0,train
379,IDRiD,IDRiD_379.jpg,retinopatia_diabetica,1,retinopatia_diabetica_leve,0,train
380,IDRiD,IDRiD_380.jpg,retinopatia_diabetica,3,retinopatia_diabetica_grave,2,train
381,IDRiD,IDRiD_381.jpg,retinopatia_diabetica,0,sem_retinopatia_diabetica,0,train
382,IDRiD,IDRiD_382.jpg,retinopatia_diabetica,0,sem_retinopatia_diabetica,0,train
383,IDRiD,IDRiD_383.jpg,retinopatia_diabetica,3,retinopatia_diabetica_grave,2,train
384,IDRiD,IDRiD_384.jpg,retinopatia_diabetica,3,retinopatia_diabetica_grave,2,train
385,IDRiD,IDRiD_385.jpg,retinopatia_diabetica,3,retinopatia_diabetica_grave,2,train
386,IDRiD,IDRiD_386.jpg,retinopatia_diabetica,0,sem_retinopatia_diabetica,0,train
387,IDRiD,IDRiD_387.jpg,retinopatia_diabetica,0,sem_retinopatia_diabetica,0,train
388,IDRiD,IDRiD_388.jpg,retinopatia_diabetica,1,retinopatia_diabetica_leve,0,train
389,IDRiD,IDRiD_389.jpg,retinopatia_diabetica,4,retinopatia_diabetica_proliferativa,2,train
390,IDRiD,IDRiD_390.jpg,retinopatia_diabetica,4,retinopatia_diabetica_proliferativa,2,train
391,IDRiD,IDRiD_391.jpg,retinopatia_diabetica,2,retinopatia_diabetica_moderada,0,train
392,IDRiD,IDRiD_392.jpg,retinopatia_diabetica,4,retinopatia_diabetica_proliferativa,2,train
393,IDRiD,IDRiD_393.jpg,retinopatia_diabetica,0,sem_retinopatia_diabetica,0,train
394,IDRiD,IDRiD_394.jpg,retinopatia_diabetica,4,retinopatia_diabetica_proliferativa,2,train
395,IDRiD,IDRiD_395.jpg,retinopatia_diabetica,0,sem_retinopatia_diabetica,0,train
396,IDRiD,IDRiD_396.jpg,retinopatia_diabetica,0,sem_retinopatia_diabetica,0,train
397,IDRiD,IDRiD_397.jpg,retinopatia_diabetica,2,retinopatia_diabetica_moderada,0,train
398,IDRiD,IDRiD_398.jpg,retinopatia_diabetica,2,retinopatia_diabetica_moderada,1,train
399,IDRiD,IDRiD_399.jpg,retinopatia_diabetica,0,sem_retinopatia_diabetica,0,train
400,IDRiD,IDRiD_400.jpg,retinopatia_diabetica,0,sem_retinopatia_diabetica,0,train
401,IDRiD,IDRiD_401.jpg,retinopatia_diabetica,2,retinopatia_diabetica_moderada,1,train
402,IDRiD,IDRiD_402.jpg,retinopatia_diabetica,1,retinopatia_diabetica_leve,0,train
403,IDRiD,IDRiD_403.jpg,retinopatia_diabetica,1,retinopatia_diabetica_leve,0,train
404,IDRiD,IDRiD_404.jpg,retinopatia_diabetica,2,retinopatia_diabetica_moderada,0,train
405,IDRiD,IDRiD_405.jpg,retinopatia_diabetica,2,retinopatia_diabetica_moderada,1,train
406,IDRiD,IDRiD_406.jpg,retinopatia_diabetica,0,sem_retinopatia_diabetica,0,train
407,IDRiD,IDRiD_407.jpg,retinopatia_diabetica,2,retinopatia_diabetica_moderada,1,train
408,IDRiD,IDRiD_408.jpg,retinopatia_diabetica,1,retinopatia_diabetica_leve,0,train
409,IDRiD,IDRiD_409.jpg,retinopatia_diabetica,2,retinopatia_diabetica_moderada,1,train
410,IDRiD,IDRiD_410.jpg,retinopatia_diabetica,2,retinopatia_diabetica_moderada,0,train
411,IDRiD,IDRiD_411.jpg,retinopatia_diabetica,2,retinopatia_diabetica_moderada,0,train
412,IDRiD,IDRiD_412.jpg,retinopatia_diabetica,2,retinopatia_diabetica_moderada,0,train
413,IDRiD,IDRiD_413.jpg,retinopatia_diabetica,2,retinopatia_diabetica_moderada,0,train
