split,arquivo,caminho,sha256,grupo_split,quantidade_splits
train_amd,A0003.jpg,D:\OIO+\DATASET_RETINA\01.Originais\AMD (Degeneração Macular Relacionada à Idade)\ADAM\ADAM\Train\Training-image-400\AMD\A0003.jpg,5214148de50c433b5c78b25a9bbebe953f02b8a09907e858da8ac7940a81a6c7,train,2
train_amd,A0051.jpg,D:\OIO+\DATASET_RETINA\01.Originais\AMD (Degeneração Macular Relacionada à Idade)\ADAM\ADAM\Train\Training-image-400\AMD\A0051.jpg,835d7ad57dbe9a5d8e8451e2246367334769d50c6238e7cc48251a23a771f912,train,2
train_non_amd,N0011.jpg,D:\OIO+\DATASET_RETINA\01.Originais\AMD (Degeneração Macular Relacionada à Idade)\ADAM\ADAM\Train\Training-image-400\Non-AMD\N0011.jpg,4bc6b30345ea207d543bd2d8a5996141a28b464bc3adaa12b4ac979f1994dff9,train,2
train_non_amd,N0012.jpg,D:\OIO+\DATASET_RETINA\01.Originais\AMD (Degeneração Macular Relacionada à Idade)\ADAM\ADAM\Train\Training-image-400\Non-AMD\N0012.jpg,22ad85496c23dcdbac8d3fee66db17061989abb3c9598921a83739402c58f97f,train,2
train_non_amd,N0213.jpg,D:\OIO+\DATASET_RETINA\01.Originais\AMD (Degeneração Macular Relacionada à Idade)\ADAM\ADAM\Train\Training-image-400\Non-AMD\N0213.jpg,58c143b90426dc1d408307a5ce6f066ce725a938062e9500230e7c9af2290d61,train,2
train_non_amd,N0214.jpg,D:\OIO+\DATASET_RETINA\01.Originais\AMD (Degeneração Macular Relacionada à Idade)\ADAM\ADAM\Train\Training-image-400\Non-AMD\N0214.jpg,2cd5be07751f53fb806a84da0bf16bd7b0c5edf0cd46b3b02d707b989290487d,train,2
train_non_amd,N0215.jpg,D:\OIO+\DATASET_RETINA\01.Originais\AMD (Degeneração Macular Relacionada à Idade)\ADAM\ADAM\Train\Training-image-400\Non-AMD\N0215.jpg,28a782f6da9f8d1fed3ea364ddeb6d7d9a23287a7b4e893e9eabe2c411cea0dc,train,2
train_non_amd,N0216.jpg,D:\OIO+\DATASET_RETINA\01.Originais\AMD (Degeneração Macular Relacionada à Idade)\ADAM\ADAM\Train\Training-image-400\Non-AMD\N0216.jpg,f1f06f7b53770b2e6029066d5eb016325b18210f89d75dd5760aad51e9835752,train,2
validation,V0002.jpg,D:\OIO+\DATASET_RETINA\01.Originais\AMD (Degeneração Macular Relacionada à Idade)\ADAM\ADAM\Validation\image\V0002.jpg,58c143b90426dc1d408307a5ce6f066ce725a938062e9500230e7c9af2290d61,validation,2
validation,V0112.jpg,D:\OIO+\DATASET_RETINA\01.Originais\AMD (Degeneração Macular Relacionada à Idade)\ADAM\ADAM\Validation\image\V0112.jpg,f1f06f7b53770b2e6029066d5eb016325b18210f89d75dd5760aad51e9835752,validation,2
validation,V0114.jpg,D:\OIO+\DATASET_RETINA\01.Originais\AMD (Degeneração Macular Relacionada à Idade)\ADAM\ADAM\Validation\image\V0114.jpg,2cd5be07751f53fb806a84da0bf16bd7b0c5edf0cd46b3b02d707b989290487d,validation,2
validation,V0119.jpg,D:\OIO+\DATASET_RETINA\01.Originais\AMD (Degeneração Macular Relacionada à Idade)\ADAM\ADAM\Validation\image\V0119.jpg,5214148de50c433b5c78b25a9bbebe953f02b8a09907e858da8ac7940a81a6c7,validation,2
validation,V0146.jpg,D:\OIO+\DATASET_RETINA\01.Originais\AMD (Degeneração Macular Relacionada à Idade)\ADAM\ADAM\Validation\image\V0146.jpg,4bc6b30345ea207d543bd2d8a5996141a28b464bc3adaa12b4ac979f1994dff9,validation,2
validation,V0321.jpg,D:\OIO+\DATASET_RETINA\01.Originais\AMD (Degeneração Macular Relacionada à Idade)\ADAM\ADAM\Validation\image\V0321.jpg,835d7ad57dbe9a5d8e8451e2246367334769d50c6238e7cc48251a23a771f912,validation,2
validation,V0322.jpg,D:\OIO+\DATASET_RETINA\01.Originais\AMD (Degeneração Macular Relacionada à Idade)\ADAM\ADAM\Validation\image\V0322.jpg,28a782f6da9f8d1fed3ea364ddeb6d7d9a23287a7b4e893e9eabe2c411cea0dc,validation,2
validation,V0375.jpg,D:\OIO+\DATASET_RETINA\01.Originais\AMD (Degeneração Macular Relacionada à Idade)\ADAM\ADAM\Validation\image\V0375.jpg,22ad85496c23dcdbac8d3fee66db17061989abb3c9598921a83739402c58f97f,validation,2
