arquivo,diagnostico,extensao,formato,modo,largura,altura,resolucao,proporcao,pixels,tamanho_bytes,tamanho_mb,md5
A0001.jpg,AMD,.jpg,JPEG,RGB,2124,2056,2124x2056,1.0331,4366944,1835302,1.7503,311e05d7298a537835f6b2b812f59764
A0002.jpg,AMD,.jpg,JPEG,RGB,2124,2056,2124x2056,1.0331,4366944,1786611,1.7038,d2277cecc1b4a2866dff876019baf78d
A0003.jpg,AMD,.jpg,JPEG,RGB,2124,2056,2124x2056,1.0331,4366944,1764495,1.6828,a3b71ed2297e9f3252ba32f53fddb5b1
A0004.jpg,AMD,.jpg,JPEG,RGB,2124,2056,2124x2056,1.0331,4366944,1695559,1.617,5fa13d98ae18587b714eac2b5d56ba36
A0005.jpg,AMD,.jpg,JPEG,RGB,2124,2056,2124x2056,1.0331,4366944,1756742,1.6754,9e35c707842f29db8a613c1c83de98b5
A0006.jpg,AMD,.jpg,JPEG,RGB,2124,2056,2124x2056,1.0331,4366944,1817534,1.7333,de43055420107c8cfa3719a0e44467b3
A0007.jpg,AMD,.jpg,JPEG,RGB,2124,2056,2124x2056,1.0331,4366944,1696881,1.6183,5abdcc53369517b88cc3d65d8a80ec8a
A0008.jpg,AMD,.jpg,JPEG,RGB,1444,1444,1444x1444,1.0,2085136,917125,0.8746,f85f0bbdbde536493f60e525b0c9475b
A0009.jpg,AMD,.jpg,JPEG,RGB,2124,2056,2124x2056,1.0331,4366944,1799829,1.7165,27def8463cf1a8b8313012a3029c25cd
A0010.jpg,AMD,.jpg,JPEG,RGB,2124,2056,2124x2056,1.0331,4366944,1717913,1.6383,ae3d9493246cd3650a6da1dc68572ac0
A0011.jpg,AMD,.jpg,JPEG,RGB,2124,2056,2124x2056,1.0331,4366944,1740487,1.6599,8c1698a2b8991770162b377fe67d00cd
A0012.jpg,AMD,.jpg,JPEG,RGB,2124,2056,2124x2056,1.0331,4366944,1749567,1.6685,f2532ca3aee94e8170c05c22c7d2c750
A0013.jpg,AMD,.jpg,JPEG,RGB,2124,2056,2124x2056,1.0331,4366944,1719862,1.6402,65f9cde602ae177c04501dc6399c9475
A0014.jpg,AMD,.jpg,JPEG,RGB,2124,2056,2124x2056,1.0331,4366944,1775460,1.6932,960e67eb78364c1fb7853f29bfaa4294
A0015.jpg,AMD,.jpg,JPEG,RGB,2124,2056,2124x2056,1.0331,4366944,1814987,1.7309,8090dbb78de44c55a763c42bde0a268d
A0016.jpg,AMD,.jpg,JPEG,RGB,2124,2056,2124x2056,1.0331,4366944,1831750,1.7469,67301b1ebcc62a1753fe54c72c77e7e6
A0017.jpg,AMD,.jpg,JPEG,RGB,2124,2056,2124x2056,1.0331,4366944,1839204,1.754,58dfb8f7cfcfd82a4ae77d3790ab6f1f
A0018.jpg,AMD,.jpg,JPEG,RGB,2124,2056,2124x2056,1.0331,4366944,1781124,1.6986,5329c0328922c08b326ca4012daa6966
A0019.jpg,AMD,.jpg,JPEG,RGB,2124,2056,2124x2056,1.0331,4366944,1882594,1.7954,8b1c0195a7c7301f9f742cc1c6539a2b
A0020.jpg,AMD,.jpg,JPEG,RGB,1444,1444,1444x1444,1.0,2085136,974642,0.9295,d3a6a0d005b594f72f45f6067c182fdb
A0021.jpg,AMD,.jpg,JPEG,RGB,2124,2056,2124x2056,1.0331,4366944,1751763,1.6706,23542761f34c7afd59f9b11b52d800e3
A0022.jpg,AMD,.jpg,JPEG,RGB,2124,2056,2124x2056,1.0331,4366944,1680577,1.6027,f49fc2ba4fc6eba1fda571420a22b338
A0023.jpg,AMD,.jpg,JPEG,RGB,2124,2056,2124x2056,1.0331,4366944,1801383,1.7179,2db531a0b182b3742209b6e3740f7413
A0024.jpg,AMD,.jpg,JPEG,RGB,2124,2056,2124x2056,1.0331,4366944,1798943,1.7156,5943fd2854d6b7e8998da2e4972afa9c
A0025.jpg,AMD,.jpg,JPEG,RGB,2124,2056,2124x2056,1.0331,4366944,1779857,1.6974,53bbede0453ec6a84ed0866ab72045e4
A0026.jpg,AMD,.jpg,JPEG,RGB,2124,2056,2124x2056,1.0331,4366944,1820255,1.7359,04c0678174149d3d0427b00d05326975
A0027.jpg,AMD,.jpg,JPEG,RGB,2124,2056,2124x2056,1.0331,4366944,1970206,1.8789,60b94229c88f27b5443e74669956c5d0
A0028.jpg,AMD,.jpg,JPEG,RGB,2124,2056,2124x2056,1.0331,4366944,1915646,1.8269,54b83e17821e0a10d723efa66facfc85
A0029.jpg,AMD,.jpg,JPEG,RGB,2124,2056,2124x2056,1.0331,4366944,1921817,1.8328,15e90ddbffb8247d1dcdc8b80b8c83e7
A0030.jpg,AMD,.jpg,JPEG,RGB,2124,2056,2124x2056,1.0331,4366944,1666481,1.5893,e76082a59498478403eae6adba38efcf
A0031.jpg,AMD,.jpg,JPEG,RGB,2124,2056,2124x2056,1.0331,4366944,2134884,2.036,1e8dfd3663604490ec0f19b419b73f2a
A0032.jpg,AMD,.jpg,JPEG,RGB,2124,2056,2124x2056,1.0331,4366944,1989149,1.897,04fa882d1bbbd7b4aa46660802bb506f
A0033.jpg,AMD,.jpg,JPEG,RGB,2124,2056,2124x2056,1.0331,4366944,1719662,1.64,55761ee65d0b41507ebbf8be9c9b53bd
A0034.jpg,AMD,.jpg,JPEG,RGB,2124,2056,2124x2056,1.0331,4366944,1756098,1.6747,657017765047a3a28bc18248a07e0dcf
A0035.jpg,AMD,.jpg,JPEG,RGB,2124,2056,2124x2056,1.0331,4366944,1754948,1.6736,2e0ca33899e910ed90ae908456076292
A0036.jpg,AMD,.jpg,JPEG,RGB,2124,2056,2124x2056,1.0331,4366944,1675735,1.5981,022386fb9d94a617e8d1800b6b30c812
A0037.jpg,AMD,.jpg,JPEG,RGB,2124,2056,2124x2056,1.0331,4366944,1774490,1.6923,fbecd34baf30faa36153b82b0f243ad7
A0038.jpg,AMD,.jpg,JPEG,RGB,2124,2056,2124x2056,1.0331,4366944,1687436,1.6093,36e4068e703e39d217ef3237a262deca
A0039.jpg,AMD,.jpg,JPEG,RGB,2124,2056,2124x2056,1.0331,4366944,1719424,1.6398,857129dbc6582c545777a12c2e633585
A0040.jpg,AMD,.jpg,JPEG,RGB,2124,2056,2124x2056,1.0331,4366944,1802215,1.7187,38b6d68bd73cab71260b3d6b5af020bc
A0041.jpg,AMD,.jpg,JPEG,RGB,2124,2056,2124x2056,1.0331,4366944,1756024,1.6747,f9188d44133dbdab5f4445ca1c5881b2
A0042.jpg,AMD,.jpg,JPEG,RGB,2124,2056,2124x2056,1.0331,4366944,1790745,1.7078,d90f8d00e57debc2ad0051ee538644e3
A0043.jpg,AMD,.jpg,JPEG,RGB,2124,2056,2124x2056,1.0331,4366944,1760081,1.6785,de5ec88ad7828412ddd8ad1a9ba1f009
A0044.jpg,AMD,.jpg,JPEG,RGB,2124,2056,2124x2056,1.0331,4366944,1724675,1.6448,7743efbf0fa0f9129ea66d858962ffc6
A0045.jpg,AMD,.jpg,JPEG,RGB,2124,2056,2124x2056,1.0331,4366944,1796728,1.7135,2459897acc49f6836c997b0dcf8f4d3b
A0046.jpg,AMD,.jpg,JPEG,RGB,2124,2056,2124x2056,1.0331,4366944,1785456,1.7027,a7643c2ecb5557b20d140b4173225e21
A0047.jpg,AMD,.jpg,JPEG,RGB,2124,2056,2124x2056,1.0331,4366944,1843429,1.758,c1ef697cb46db793090fdecbfec2a5e0
A0048.jpg,AMD,.jpg,JPEG,RGB,2124,2056,2124x2056,1.0331,4366944,1816624,1.7325,783b44ea712cc8eb819da7982c33b94f
A0049.jpg,AMD,.jpg,JPEG,RGB,2124,2056,2124x2056,1.0331,4366944,1629349,1.5539,4fd3c865f1df4a80b3dfad3767f531ed
A0050.jpg,AMD,.jpg,JPEG,RGB,2124,2056,2124x2056,1.0331,4366944,1664662,1.5875,0a8fcb11ea0ed01527f7e9d16a4b0c03
A0051.jpg,AMD,.jpg,JPEG,RGB,2124,2056,2124x2056,1.0331,4366944,1691296,1.6129,22b848faf60053189925d564a58d25fa
A0052.jpg,AMD,.jpg,JPEG,RGB,2124,2056,2124x2056,1.0331,4366944,1738833,1.6583,d84b0cfe3f48dd16c16a1d5192b77c9b
A0053.jpg,AMD,.jpg,JPEG,RGB,2124,2056,2124x2056,1.0331,4366944,1835139,1.7501,60fdba4fe5c5ae0163baab9d65b7a3f2
A0054.jpg,AMD,.jpg,JPEG,RGB,2124,2056,2124x2056,1.0331,4366944,1737067,1.6566,7f43dadd61ef6ff8abe056c940b0b29a
A0055.jpg,AMD,.jpg,JPEG,RGB,2124,2056,2124x2056,1.0331,4366944,1830338,1.7455,1589e90b9b5dda649eee6f662402a628
A0056.jpg,AMD,.jpg,JPEG,RGB,2124,2056,2124x2056,1.0331,4366944,1742141,1.6614,df717d4175c9468734e0038444b21318
A0057.jpg,AMD,.jpg,JPEG,RGB,2124,2056,2124x2056,1.0331,4366944,1802143,1.7187,a3c6b4d382c802d51fb8a4a5da96403d
A0058.jpg,AMD,.jpg,JPEG,RGB,2124,2056,2124x2056,1.0331,4366944,1717010,1.6375,35385f8e249db5c3452875d979643373
A0059.jpg,AMD,.jpg,JPEG,RGB,2124,2056,2124x2056,1.0331,4366944,1728533,1.6485,018bd5ecb9fee43c3f847e0d25dcecc6
A0060.jpg,AMD,.jpg,JPEG,RGB,2124,2056,2124x2056,1.0331,4366944,1652211,1.5757,398c2011d96be8b04fd7ef3028c3183b
A0061.jpg,AMD,.jpg,JPEG,RGB,2124,2056,2124x2056,1.0331,4366944,1714654,1.6352,a1b92f64e6439d720e4101a0a1c48577
A0062.jpg,AMD,.jpg,JPEG,RGB,2124,2056,2124x2056,1.0331,4366944,1769315,1.6874,2c0e09b12d13476d5d7cb318bbd95c36
A0063.jpg,AMD,.jpg,JPEG,RGB,2124,2056,2124x2056,1.0331,4366944,1675922,1.5983,fd04ea433099a7caefffe9d8b284d1c7
A0064.jpg,AMD,.jpg,JPEG,RGB,2124,2056,2124x2056,1.0331,4366944,1720195,1.6405,b7431e9506128e83660a29b5a70d72dd
A0065.jpg,AMD,.jpg,JPEG,RGB,2124,2056,2124x2056,1.0331,4366944,1728879,1.6488,febd7b6a80629f0e2f6a31f12e31438c
A0066.jpg,AMD,.jpg,JPEG,RGB,2124,2056,2124x2056,1.0331,4366944,1640507,1.5645,7c4b8e51262b60afdef129ebf963a203
A0067.jpg,AMD,.jpg,JPEG,RGB,2124,2056,2124x2056,1.0331,4366944,1724727,1.6448,01a1b0c3d892900939a30ae963ce0c07
A0068.jpg,AMD,.jpg,JPEG,RGB,1444,1444,1444x1444,1.0,2085136,838001,0.7992,c80a2a354477cc20107d40ddc42ed2b3
A0069.jpg,AMD,.jpg,JPEG,RGB,2124,2056,2124x2056,1.0331,4366944,1802760,1.7192,80b058e337e31b1c3fa3bd0a2c4176a1
A0070.jpg,AMD,.jpg,JPEG,RGB,2124,2056,2124x2056,1.0331,4366944,1812910,1.7289,ca9477040cf7d201a52d393fe838fa08
A0071.jpg,AMD,.jpg,JPEG,RGB,2124,2056,2124x2056,1.0331,4366944,1656602,1.5799,0b7a3c2b1b91c938aa1f49b2ea52d84f
A0072.jpg,AMD,.jpg,JPEG,RGB,2124,2056,2124x2056,1.0331,4366944,1708772,1.6296,6a0f4dbac2d3de1908221eab9581f40f
A0073.jpg,AMD,.jpg,JPEG,RGB,2124,2056,2124x2056,1.0331,4366944,1693791,1.6153,f44fa9182445f8e0e0da628b4b4ed789
A0074.jpg,AMD,.jpg,JPEG,RGB,2124,2056,2124x2056,1.0331,4366944,1705254,1.6263,385cf535279ab2d331498fa7dc703a0c
A0075.jpg,AMD,.jpg,JPEG,RGB,2124,2056,2124x2056,1.0331,4366944,1726938,1.6469,231e340a8ce056c1474169833f10c6e8
A0076.jpg,AMD,.jpg,JPEG,RGB,2124,2056,2124x2056,1.0331,4366944,1741872,1.6612,b29bbddae9d2d51e6747037b926505c8
A0077.jpg,AMD,.jpg,JPEG,RGB,1444,1444,1444x1444,1.0,2085136,815212,0.7774,d78d51cad930dabf41c0154658191a24
A0078.jpg,AMD,.jpg,JPEG,RGB,2124,2056,2124x2056,1.0331,4366944,1740863,1.6602,ab85490695d182f06c0451cc883e976b
A0079.jpg,AMD,.jpg,JPEG,RGB,2124,2056,2124x2056,1.0331,4366944,1656341,1.5796,157c1ee068b08b092056e44a75b76e8e
A0080.jpg,AMD,.jpg,JPEG,RGB,2124,2056,2124x2056,1.0331,4366944,1680834,1.603,0b8739ff5f17e9202432fe758b7bb4f9
A0081.jpg,AMD,.jpg,JPEG,RGB,2124,2056,2124x2056,1.0331,4366944,1603550,1.5293,d5f9abe9bdb1a2678d360cebc46c6c24
A0082.jpg,AMD,.jpg,JPEG,RGB,2124,2056,2124x2056,1.0331,4366944,1678041,1.6003,04af45f1e85d4647fc8ac7b62b85f191
A0083.jpg,AMD,.jpg,JPEG,RGB,2124,2056,2124x2056,1.0331,4366944,1743644,1.6629,31c8554822653731109cfd96ef564438
A0084.jpg,AMD,.jpg,JPEG,RGB,2124,2056,2124x2056,1.0331,4366944,1645227,1.569,41d4747af322d39f94e122ff0b684ff7
A0085.jpg,AMD,.jpg,JPEG,RGB,2124,2056,2124x2056,1.0331,4366944,1701418,1.6226,95f41dadaec66201d0cb3b66f0672883
A0086.jpg,AMD,.jpg,JPEG,RGB,2124,2056,2124x2056,1.0331,4366944,1745238,1.6644,5cd6ad4553366f9077ace0739fe9cb8a
A0087.jpg,AMD,.jpg,JPEG,RGB,2124,2056,2124x2056,1.0331,4366944,1734293,1.654,306b546bc502fbdd9c8334a3132d3c57
A0088.jpg,AMD,.jpg,JPEG,RGB,2124,2056,2124x2056,1.0331,4366944,1724861,1.645,79fd3e1e2e8e8c085f6b4f16ff1dd5a4
A0089.jpg,AMD,.jpg,JPEG,RGB,2124,2056,2124x2056,1.0331,4366944,1768639,1.6867,2f40fe8aecbd604fa7b784680bad7b2a
N0001.jpg,Non-AMD,.jpg,JPEG,RGB,2124,2056,2124x2056,1.0331,4366944,1763921,1.6822,c682647912cc01e9d4e18bf4984a6350
N0002.jpg,Non-AMD,.jpg,JPEG,RGB,2124,2056,2124x2056,1.0331,4366944,1793268,1.7102,632abc0ec6b1eac624ec2037edc972fe
N0003.jpg,Non-AMD,.jpg,JPEG,RGB,2124,2056,2124x2056,1.0331,4366944,1890062,1.8025,ea0a9f74c2fdfd72cec3cdad9840033b
N0004.jpg,Non-AMD,.jpg,JPEG,RGB,2124,2056,2124x2056,1.0331,4366944,1795803,1.7126,3deed7a495ffc5598b684af4df25ed0a
N0005.jpg,Non-AMD,.jpg,JPEG,RGB,2124,2056,2124x2056,1.0331,4366944,1701706,1.6229,86eaf6d3681d4e3a805a33b98186ebd2
N0006.jpg,Non-AMD,.jpg,JPEG,RGB,2124,2056,2124x2056,1.0331,4366944,1813272,1.7293,cb568fa3793cef8c203a851888cb0a56
N0007.jpg,Non-AMD,.jpg,JPEG,RGB,2124,2056,2124x2056,1.0331,4366944,1726364,1.6464,213ca097927af1ba2d56f42df28d0966
N0008.jpg,Non-AMD,.jpg,JPEG,RGB,2124,2056,2124x2056,1.0331,4366944,1765910,1.6841,6b5f639ebbd85e121edd278be1af6ec4
N0009.jpg,Non-AMD,.jpg,JPEG,RGB,2124,2056,2124x2056,1.0331,4366944,1697110,1.6185,4c36dc7808405e5c90053969ca1b27ef
N0010.jpg,Non-AMD,.jpg,JPEG,RGB,2124,2056,2124x2056,1.0331,4366944,1726640,1.6467,2c076afdef910ce24053c0b69af47d30
N0011.jpg,Non-AMD,.jpg,JPEG,RGB,2124,2056,2124x2056,1.0331,4366944,1803488,1.7199,2fd03fac896e667473651f20e0b210ce
N0012.jpg,Non-AMD,.jpg,JPEG,RGB,2124,2056,2124x2056,1.0331,4366944,1831943,1.7471,e9c8517782ab6bcf79945e635af10f89
N0013.jpg,Non-AMD,.jpg,JPEG,RGB,2124,2056,2124x2056,1.0331,4366944,1710120,1.6309,2ae220f0c4239a3146514ce16730d285
N0014.jpg,Non-AMD,.jpg,JPEG,RGB,2124,2056,2124x2056,1.0331,4366944,1711849,1.6325,84526aec41053a42a3bf70990c762336
N0015.jpg,Non-AMD,.jpg,JPEG,RGB,2124,2056,2124x2056,1.0331,4366944,1831924,1.7471,b6f863ce3982e13224d1c98f9c421b11
N0016.jpg,Non-AMD,.jpg,JPEG,RGB,2124,2056,2124x2056,1.0331,4366944,1818797,1.7345,97f68cee68da28dfcc0f74f41db47017
N0017.jpg,Non-AMD,.jpg,JPEG,RGB,2124,2056,2124x2056,1.0331,4366944,1690028,1.6117,029e8b8c4a7200cd1e3fba1847020fe2
N0018.jpg,Non-AMD,.jpg,JPEG,RGB,2124,2056,2124x2056,1.0331,4366944,1729597,1.6495,9067e347b3dd4ca787159080b4fa99ab
N0019.jpg,Non-AMD,.jpg,JPEG,RGB,2124,2056,2124x2056,1.0331,4366944,1729591,1.6495,e468a9f88841ae322489b696ae8523c1
N0020.jpg,Non-AMD,.jpg,JPEG,RGB,2124,2056,2124x2056,1.0331,4366944,1826145,1.7415,3f96c1d1c5fadc13afb5058df014363e
N0021.jpg,Non-AMD,.jpg,JPEG,RGB,1444,1444,1444x1444,1.0,2085136,1050646,1.002,210ce4a2d4900cbe3d51641b10ce97a1
N0022.jpg,Non-AMD,.jpg,JPEG,RGB,2124,2056,2124x2056,1.0331,4366944,1903128,1.815,9e53be0878e95a4dbe64d98576f155f8
N0023.jpg,Non-AMD,.jpg,JPEG,RGB,1444,1444,1444x1444,1.0,2085136,977405,0.9321,48900b33dc6d8652f92e9c548dd235e1
N0024.jpg,Non-AMD,.jpg,JPEG,RGB,2124,2056,2124x2056,1.0331,4366944,1942302,1.8523,461ca56c29a26ae344d490c9e430ef44
N0025.jpg,Non-AMD,.jpg,JPEG,RGB,2124,2056,2124x2056,1.0331,4366944,1710882,1.6316,2fd686c61d675e3e1e15faaab86b5eea
N0026.jpg,Non-AMD,.jpg,JPEG,RGB,2124,2056,2124x2056,1.0331,4366944,1685266,1.6072,41673aa194e7907674394bca747fca94
N0027.jpg,Non-AMD,.jpg,JPEG,RGB,1444,1444,1444x1444,1.0,2085136,873048,0.8326,a603a17f887d9198ddab2f1d4d7f1126
N0028.jpg,Non-AMD,.jpg,JPEG,RGB,2124,2056,2124x2056,1.0331,4366944,1826930,1.7423,7a89c45ce47ddf48791f95818ccc23bc
N0029.jpg,Non-AMD,.jpg,JPEG,RGB,2124,2056,2124x2056,1.0331,4366944,1665921,1.5887,f36db85438747b44b45613fdfc6bdc46
N0030.jpg,Non-AMD,.jpg,JPEG,RGB,2124,2056,2124x2056,1.0331,4366944,1684704,1.6067,a7b2580e5dd1ce1f1acd16e95c30c500
N0031.jpg,Non-AMD,.jpg,JPEG,RGB,2124,2056,2124x2056,1.0331,4366944,1757082,1.6757,54e2fa169ebab99cd0783edb5df893de
N0032.jpg,Non-AMD,.jpg,JPEG,RGB,2124,2056,2124x2056,1.0331,4366944,1786708,1.7039,6275f4d3907bfde7a078b0e48721e7c6
N0033.jpg,Non-AMD,.jpg,JPEG,RGB,2124,2056,2124x2056,1.0331,4366944,1917906,1.8291,8a74be33a2c8e9a1dc32cb7d4de228c0
N0034.jpg,Non-AMD,.jpg,JPEG,RGB,2124,2056,2124x2056,1.0331,4366944,1882537,1.7953,59b074a46b3892c836df082bf34f2da7
N0035.jpg,Non-AMD,.jpg,JPEG,RGB,2124,2056,2124x2056,1.0331,4366944,1848043,1.7624,5af54c421c82de743032b646c91a3616
N0036.jpg,Non-AMD,.jpg,JPEG,RGB,2124,2056,2124x2056,1.0331,4366944,1894409,1.8066,efc7c1481b5e688635e45dd96f6ee4e6
N0037.jpg,Non-AMD,.jpg,JPEG,RGB,2124,2056,2124x2056,1.0331,4366944,1771892,1.6898,5c19323c90c2090e82bea6f714807a49
N0038.jpg,Non-AMD,.jpg,JPEG,RGB,2124,2056,2124x2056,1.0331,4366944,1749409,1.6684,9e553da47bbcb0be9c74559b3ae99748
N0039.jpg,Non-AMD,.jpg,JPEG,RGB,2124,2056,2124x2056,1.0331,4366944,1837461,1.7523,d493fe8f988d57d074bddc075e916009
N0040.jpg,Non-AMD,.jpg,JPEG,RGB,1444,1444,1444x1444,1.0,2085136,1055429,1.0065,9fe34356899ff68838400165c671222f
N0041.jpg,Non-AMD,.jpg,JPEG,RGB,2124,2056,2124x2056,1.0331,4366944,2163318,2.0631,907ee8a9cd0967b47561632b7787a170
N0042.jpg,Non-AMD,.jpg,JPEG,RGB,2124,2056,2124x2056,1.0331,4366944,1704968,1.626,cc29aa5822d06b56b18e79379051d18a
N0043.jpg,Non-AMD,.jpg,JPEG,RGB,1444,1444,1444x1444,1.0,2085136,831134,0.7926,0900ef9b3e1b3884f27a6df44aa57b8d
N0044.jpg,Non-AMD,.jpg,JPEG,RGB,2124,2056,2124x2056,1.0331,4366944,1748950,1.6679,c4ed9cf9fc7b7b9339e9a004a84e30bf
N0045.jpg,Non-AMD,.jpg,JPEG,RGB,1444,1444,1444x1444,1.0,2085136,824031,0.7859,fcd507b37872ffa433205135ea6abe1d
N0046.jpg,Non-AMD,.jpg,JPEG,RGB,2124,2056,2124x2056,1.0331,4366944,1754019,1.6728,ccf0137ba0fa83bbc93cab30ca9cef8e
N0047.jpg,Non-AMD,.jpg,JPEG,RGB,2124,2056,2124x2056,1.0331,4366944,1704737,1.6258,895c11038d90cf9fbfaf16f6d598b317
N0048.jpg,Non-AMD,.jpg,JPEG,RGB,1444,1444,1444x1444,1.0,2085136,979397,0.934,3af17458fc1a19ea17c390ac425b9bf8
N0049.jpg,Non-AMD,.jpg,JPEG,RGB,2124,2056,2124x2056,1.0331,4366944,1863613,1.7773,f3c21d6cc0658b768495bbd10e8fb4bb
N0050.jpg,Non-AMD,.jpg,JPEG,RGB,1444,1444,1444x1444,1.0,2085136,874030,0.8335,3b8bb28ab620270067b425b9e2ac2904
N0051.jpg,Non-AMD,.jpg,JPEG,RGB,2124,2056,2124x2056,1.0331,4366944,1753572,1.6723,fe45c2222435e5b349c3dddf698b4357
N0052.jpg,Non-AMD,.jpg,JPEG,RGB,2124,2056,2124x2056,1.0331,4366944,1699797,1.6211,6e4b226229910c32002e165626e100a4
N0053.jpg,Non-AMD,.jpg,JPEG,RGB,2124,2056,2124x2056,1.0331,4366944,2024916,1.9311,97ddc5144927f7b8f96bf2a1b0140fc3
N0054.jpg,Non-AMD,.jpg,JPEG,RGB,2124,2056,2124x2056,1.0331,4366944,1927407,1.8381,3a827bea65cb0c3bc2cc1a513d3541ec
N0055.jpg,Non-AMD,.jpg,JPEG,RGB,2124,2056,2124x2056,1.0331,4366944,1796896,1.7137,369808f054b72322b8bc2700d0f43b78
N0056.jpg,Non-AMD,.jpg,JPEG,RGB,2124,2056,2124x2056,1.0331,4366944,1670904,1.5935,6adcec545971126c682f92de334df2b4
N0057.jpg,Non-AMD,.jpg,JPEG,RGB,1444,1444,1444x1444,1.0,2085136,1042087,0.9938,7a9134e3b479cb2cff28017ca28be7be
N0058.jpg,Non-AMD,.jpg,JPEG,RGB,2124,2056,2124x2056,1.0331,4366944,1796541,1.7133,2774f0ef440dba8914e40f0498696696
N0059.jpg,Non-AMD,.jpg,JPEG,RGB,1444,1444,1444x1444,1.0,2085136,1010025,0.9632,28a6f2d5ee319c652334b52fe9b38a17
N0060.jpg,Non-AMD,.jpg,JPEG,RGB,2124,2056,2124x2056,1.0331,4366944,1914900,1.8262,a7ef7ef8cb98cae33c63712f96fb776c
N0061.jpg,Non-AMD,.jpg,JPEG,RGB,1444,1444,1444x1444,1.0,2085136,1025037,0.9776,03d54ee04b03ec65b997d06b6eacf12d
N0062.jpg,Non-AMD,.jpg,JPEG,RGB,2124,2056,2124x2056,1.0331,4366944,1978424,1.8868,e14e339d4abfb95c26294e72768c6b53
N0063.jpg,Non-AMD,.jpg,JPEG,RGB,1444,1444,1444x1444,1.0,2085136,997831,0.9516,c19179f40f439cf7fcb1d88799d7b4fd
N0064.jpg,Non-AMD,.jpg,JPEG,RGB,2124,2056,2124x2056,1.0331,4366944,1875805,1.7889,3cb403140da0aca73bdc3d42e6a9a960
N0065.jpg,Non-AMD,.jpg,JPEG,RGB,2124,2056,2124x2056,1.0331,4366944,1900518,1.8125,a49338549c87952d880fc7be0fa0c809
N0066.jpg,Non-AMD,.jpg,JPEG,RGB,2124,2056,2124x2056,1.0331,4366944,1698551,1.6199,dff63b78bc50df2691799799336604c4
N0067.jpg,Non-AMD,.jpg,JPEG,RGB,2124,2056,2124x2056,1.0331,4366944,1913450,1.8248,154def401293f3bcf4c64c46edb035f0
N0068.jpg,Non-AMD,.jpg,JPEG,RGB,2124,2056,2124x2056,1.0331,4366944,1746887,1.666,020e950bc3e899a09ac8d15fee240a78
N0069.jpg,Non-AMD,.jpg,JPEG,RGB,2124,2056,2124x2056,1.0331,4366944,1920716,1.8317,b5a5c120792ae0472e1a109686766d4f
N0070.jpg,Non-AMD,.jpg,JPEG,RGB,1444,1444,1444x1444,1.0,2085136,993819,0.9478,566d7371ebfb613ac2662bd7a3d32fcd
N0071.jpg,Non-AMD,.jpg,JPEG,RGB,1444,1444,1444x1444,1.0,2085136,819193,0.7812,32eaf3b26f1fc6ab08bfbe78e2455fbe
N0072.jpg,Non-AMD,.jpg,JPEG,RGB,2124,2056,2124x2056,1.0331,4366944,1711411,1.6321,eae5698b68295735c727d865713368b2
N0073.jpg,Non-AMD,.jpg,JPEG,RGB,1444,1444,1444x1444,1.0,2085136,845102,0.806,bc2eda62de87a1cbb30c56a14a600c71
N0074.jpg,Non-AMD,.jpg,JPEG,RGB,2124,2056,2124x2056,1.0331,4366944,1762485,1.6808,ef30d8f92a24b0232e2114cf9b3da140
N0075.jpg,Non-AMD,.jpg,JPEG,RGB,2124,2056,2124x2056,1.0331,4366944,1757324,1.6759,f97a7ab12ada0d7e0715469e1b37dfe4
N0076.jpg,Non-AMD,.jpg,JPEG,RGB,1444,1444,1444x1444,1.0,2085136,933671,0.8904,b5735164326abde58cb523ffd6722ec7
N0077.jpg,Non-AMD,.jpg,JPEG,RGB,2124,2056,2124x2056,1.0331,4366944,1762380,1.6807,ecc16dc552c817f476e30c031677ec21
N0078.jpg,Non-AMD,.jpg,JPEG,RGB,1444,1444,1444x1444,1.0,2085136,903206,0.8614,99588e04e60b87a3467eb9db32364e48
N0079.jpg,Non-AMD,.jpg,JPEG,RGB,1444,1444,1444x1444,1.0,2085136,856162,0.8165,1b5bdf6e15aa6858311bc54b7e01e331
N0080.jpg,Non-AMD,.jpg,JPEG,RGB,2124,2056,2124x2056,1.0331,4366944,1753377,1.6722,27b746fdbf796f5a21950779528a63d3
N0081.jpg,Non-AMD,.jpg,JPEG,RGB,2124,2056,2124x2056,1.0331,4366944,1619313,1.5443,85e12117eb626b081b3d499fd4f87ccd
N0082.jpg,Non-AMD,.jpg,JPEG,RGB,2124,2056,2124x2056,1.0331,4366944,1716624,1.6371,fc7138f6b554ecdf0c39fd1cd163a1c7
N0083.jpg,Non-AMD,.jpg,JPEG,RGB,2124,2056,2124x2056,1.0331,4366944,1764898,1.6831,b3dbb5bd9ff77dc4e0b1ce94aa4851ae
N0084.jpg,Non-AMD,.jpg,JPEG,RGB,2124,2056,2124x2056,1.0331,4366944,1786158,1.7034,670ba8ac7f76f94baa31f68459003a69
N0085.jpg,Non-AMD,.jpg,JPEG,RGB,2124,2056,2124x2056,1.0331,4366944,1697421,1.6188,bc0d571bb7622401e98ff25ac0dc80e6
N0086.jpg,Non-AMD,.jpg,JPEG,RGB,2124,2056,2124x2056,1.0331,4366944,1727663,1.6476,a05579cce63c76e5a4d5de04c5f30e34
N0087.jpg,Non-AMD,.jpg,JPEG,RGB,2124,2056,2124x2056,1.0331,4366944,1806289,1.7226,995ca16a5f45b69e627b32abf0fa50fd
N0088.jpg,Non-AMD,.jpg,JPEG,RGB,2124,2056,2124x2056,1.0331,4366944,1830969,1.7461,4d9eb42cfe68c3831dcc1a2eb1a5e65d
N0089.jpg,Non-AMD,.jpg,JPEG,RGB,1444,1444,1444x1444,1.0,2085136,961684,0.9171,f76b858753e7d3d46c9b4276bffe4be8
N0090.jpg,Non-AMD,.jpg,JPEG,RGB,2124,2056,2124x2056,1.0331,4366944,1727584,1.6476,5a54fb8fda85e18af2741951a6ffb673
N0091.jpg,Non-AMD,.jpg,JPEG,RGB,2124,2056,2124x2056,1.0331,4366944,1835038,1.75,12ff5120f7ec8e362332fbabf0e3bd4f
N0092.jpg,Non-AMD,.jpg,JPEG,RGB,1444,1444,1444x1444,1.0,2085136,1022278,0.9749,29fed61e746b1358025a6e87ee71f85a
N0093.jpg,Non-AMD,.jpg,JPEG,RGB,2124,2056,2124x2056,1.0331,4366944,1751583,1.6704,a4e32b9ca235046f8bb8ef98c049f537
N0094.jpg,Non-AMD,.jpg,JPEG,RGB,1444,1444,1444x1444,1.0,2085136,939094,0.8956,5a3df5815e1733fca5ed420849857e5d
N0095.jpg,Non-AMD,.jpg,JPEG,RGB,2124,2056,2124x2056,1.0331,4366944,1844875,1.7594,c17ad057d5695e3690ec8400d1cea452
N0096.jpg,Non-AMD,.jpg,JPEG,RGB,1444,1444,1444x1444,1.0,2085136,950286,0.9063,196795667ce519452ec21a5a28e6d0c1
N0097.jpg,Non-AMD,.jpg,JPEG,RGB,1444,1444,1444x1444,1.0,2085136,791090,0.7544,e88e332482a44d4a45ed71b24b95da83
N0098.jpg,Non-AMD,.jpg,JPEG,RGB,2124,2056,2124x2056,1.0331,4366944,1672661,1.5952,6edbbef65371d97f56fa251b5c9031ac
N0099.jpg,Non-AMD,.jpg,JPEG,RGB,1444,1444,1444x1444,1.0,2085136,838771,0.7999,59006c93e66be801e13c72f1fc6bfde2
N0100.jpg,Non-AMD,.jpg,JPEG,RGB,2124,2056,2124x2056,1.0331,4366944,1821690,1.7373,1003797419ba07ec759ddd75fc9a5eb7
N0101.jpg,Non-AMD,.jpg,JPEG,RGB,1444,1444,1444x1444,1.0,2085136,922216,0.8795,1951d8b2e701dc9075543d57f7d843d6
N0102.jpg,Non-AMD,.jpg,JPEG,RGB,2124,2056,2124x2056,1.0331,4366944,1726606,1.6466,996059a4ad41b63d03cdabf5374a8fb9
N0103.jpg,Non-AMD,.jpg,JPEG,RGB,1444,1444,1444x1444,1.0,2085136,850715,0.8113,07f2f22aa56df1dfd32c34c0cbe2d17a
N0104.jpg,Non-AMD,.jpg,JPEG,RGB,2124,2056,2124x2056,1.0331,4366944,1858718,1.7726,5b6266351fa9338b3cdfefece8ac6ff6
N0105.jpg,Non-AMD,.jpg,JPEG,RGB,1444,1444,1444x1444,1.0,2085136,941699,0.8981,eea5ddb01798393a565441585d1d01d6
N0106.jpg,Non-AMD,.jpg,JPEG,RGB,2124,2056,2124x2056,1.0331,4366944,2065763,1.9701,28d4c0316acf9c1cc85cdcbbb0410fb1
N0107.jpg,Non-AMD,.jpg,JPEG,RGB,1444,1444,1444x1444,1.0,2085136,1043900,0.9955,dd59d96732c2e806cb35731494c3a95f
N0108.jpg,Non-AMD,.jpg,JPEG,RGB,2124,2056,2124x2056,1.0331,4366944,2074840,1.9787,8308b18b36dc922676c603f6daf7e558
N0109.jpg,Non-AMD,.jpg,JPEG,RGB,1444,1444,1444x1444,1.0,2085136,1059293,1.0102,a97fc33b6a41783230adf87a9f804670
N0110.jpg,Non-AMD,.jpg,JPEG,RGB,1444,1444,1444x1444,1.0,2085136,1018446,0.9713,9ff4e4f1b25bdd06bdcab93e79179705
N0111.jpg,Non-AMD,.jpg,JPEG,RGB,2124,2056,2124x2056,1.0331,4366944,2014683,1.9214,9605779c8c04187cbe567490ede8eb8f
N0112.jpg,Non-AMD,.jpg,JPEG,RGB,1444,1444,1444x1444,1.0,2085136,937053,0.8936,6f4264953c49eb50f99ed398fa04b6a0
N0113.jpg,Non-AMD,.jpg,JPEG,RGB,2124,2056,2124x2056,1.0331,4366944,1906556,1.8182,6b14ea08df1fbdd47ded6e0101268d16
N0114.jpg,Non-AMD,.jpg,JPEG,RGB,2124,2056,2124x2056,1.0331,4366944,1663566,1.5865,4325e358e97f90b0699f8fad5f472abe
N0115.jpg,Non-AMD,.jpg,JPEG,RGB,2124,2056,2124x2056,1.0331,4366944,1717488,1.6379,2c60d4db17cc448ddb228ef8195f6039
N0116.jpg,Non-AMD,.jpg,JPEG,RGB,2124,2056,2124x2056,1.0331,4366944,1716022,1.6365,34641ee50a845896615086ad40aa31a2
N0117.jpg,Non-AMD,.jpg,JPEG,RGB,1444,1444,1444x1444,1.0,2085136,995393,0.9493,ecd85dd0ca1b87ddcb14c1eab26da622
N0118.jpg,Non-AMD,.jpg,JPEG,RGB,1444,1444,1444x1444,1.0,2085136,830084,0.7916,24b42fdedc22aad35b8307f4d159b453
N0119.jpg,Non-AMD,.jpg,JPEG,RGB,2124,2056,2124x2056,1.0331,4366944,1700296,1.6215,f199b6347e7fc483ae687d4868911751
N0120.jpg,Non-AMD,.jpg,JPEG,RGB,1444,1444,1444x1444,1.0,2085136,815315,0.7775,a6e0b3c5fb0bee8114254289c1940026
N0121.jpg,Non-AMD,.jpg,JPEG,RGB,2124,2056,2124x2056,1.0331,4366944,1834481,1.7495,6b833ac197284ed44857364f9246ac85
N0122.jpg,Non-AMD,.jpg,JPEG,RGB,1444,1444,1444x1444,1.0,2085136,1037580,0.9895,5e039e83c2d3f7950acabe92c7022653
N0123.jpg,Non-AMD,.jpg,JPEG,RGB,1444,1444,1444x1444,1.0,2085136,948780,0.9048,1560081f0a74069b495dd506a8adbd9b
N0124.jpg,Non-AMD,.jpg,JPEG,RGB,2124,2056,2124x2056,1.0331,4366944,1754439,1.6732,1e56a3b2b53591b44d4b7f8f4ed47ff8
N0125.jpg,Non-AMD,.jpg,JPEG,RGB,2124,2056,2124x2056,1.0331,4366944,1828564,1.7439,5810b590d7d46e386f5b271e6034725e
N0126.jpg,Non-AMD,.jpg,JPEG,RGB,2124,2056,2124x2056,1.0331,4366944,1762629,1.681,7fc748fd7e72ee37b40aa63d7c63e02c
N0127.jpg,Non-AMD,.jpg,JPEG,RGB,1444,1444,1444x1444,1.0,2085136,920151,0.8775,e96c09750d3c4941d1515c798e062728
N0128.jpg,Non-AMD,.jpg,JPEG,RGB,2124,2056,2124x2056,1.0331,4366944,1865395,1.779,b850366ae9a41d13afd4e2957f65208b
N0129.jpg,Non-AMD,.jpg,JPEG,RGB,2124,2056,2124x2056,1.0331,4366944,1708124,1.629,6fb3edc5700b0f1418d81ba42d56dbb7
N0130.jpg,Non-AMD,.jpg,JPEG,RGB,2124,2056,2124x2056,1.0331,4366944,1978966,1.8873,a6c712f989ae2756089baf085823b089
N0131.jpg,Non-AMD,.jpg,JPEG,RGB,1444,1444,1444x1444,1.0,2085136,1049911,1.0013,f4a39575ad36fef9b166bed5c1a5fbdc
N0132.jpg,Non-AMD,.jpg,JPEG,RGB,2124,2056,2124x2056,1.0331,4366944,1991434,1.8992,ffc1cffb3af0453e5c84d6fee925a306
N0133.jpg,Non-AMD,.jpg,JPEG,RGB,1444,1444,1444x1444,1.0,2085136,940945,0.8974,b19478a02206b5c088ac6a4dc6f9689a
N0134.jpg,Non-AMD,.jpg,JPEG,RGB,2124,2056,2124x2056,1.0331,4366944,1807753,1.724,4762d351503d64acc31f5e86a0178d83
N0135.jpg,Non-AMD,.jpg,JPEG,RGB,1444,1444,1444x1444,1.0,2085136,942664,0.899,c5afa6ed32ddd56e7177788bc7e7c760
N0136.jpg,Non-AMD,.jpg,JPEG,RGB,2124,2056,2124x2056,1.0331,4366944,1826209,1.7416,ec829034801958141aa4905b80b0aa8f
N0137.jpg,Non-AMD,.jpg,JPEG,RGB,1444,1444,1444x1444,1.0,2085136,961481,0.9169,4d57a4ab6ca242f43756b6293dfc0349
N0138.jpg,Non-AMD,.jpg,JPEG,RGB,1444,1444,1444x1444,1.0,2085136,996964,0.9508,d310a9a79621df3adb57d52444642fa7
N0139.jpg,Non-AMD,.jpg,JPEG,RGB,2124,2056,2124x2056,1.0331,4366944,1736283,1.6558,21d3cc3087adb801b31513dee2012111
N0140.jpg,Non-AMD,.jpg,JPEG,RGB,2124,2056,2124x2056,1.0331,4366944,1761089,1.6795,e3311b193c2ce24f5d0ca8a1982b7dd2
N0141.jpg,Non-AMD,.jpg,JPEG,RGB,1444,1444,1444x1444,1.0,2085136,915493,0.8731,eb9551cd5e8feb4a789fddbf24955b80
N0142.jpg,Non-AMD,.jpg,JPEG,RGB,2124,2056,2124x2056,1.0331,4366944,1940076,1.8502,7bee25415156643c7663b7f0f1c06a59
N0143.jpg,Non-AMD,.jpg,JPEG,RGB,2124,2056,2124x2056,1.0331,4366944,1839942,1.7547,eb04c02028dc616e9b485b753dd8f433
N0144.jpg,Non-AMD,.jpg,JPEG,RGB,1444,1444,1444x1444,1.0,2085136,932941,0.8897,59b0d86761f149aa36fd3c71d710049d
N0145.jpg,Non-AMD,.jpg,JPEG,RGB,1444,1444,1444x1444,1.0,2085136,884159,0.8432,dacfbc2c4bafc9b0f40e73a3052715ef
N0146.jpg,Non-AMD,.jpg,JPEG,RGB,1444,1444,1444x1444,1.0,2085136,1004553,0.958,a40cf039946f73eb6100bf40371dcba5
N0147.jpg,Non-AMD,.jpg,JPEG,RGB,2124,2056,2124x2056,1.0331,4366944,1940076,1.8502,7bee25415156643c7663b7f0f1c06a59
N0148.jpg,Non-AMD,.jpg,JPEG,RGB,2124,2056,2124x2056,1.0331,4366944,1839942,1.7547,eb04c02028dc616e9b485b753dd8f433
N0149.jpg,Non-AMD,.jpg,JPEG,RGB,1444,1444,1444x1444,1.0,2085136,932941,0.8897,59b0d86761f149aa36fd3c71d710049d
N0150.jpg,Non-AMD,.jpg,JPEG,RGB,2124,2056,2124x2056,1.0331,4366944,1898328,1.8104,147680493f4e546c3c3412cdff0b0bc8
N0151.jpg,Non-AMD,.jpg,JPEG,RGB,2124,2056,2124x2056,1.0331,4366944,1886563,1.7992,77be7204b376346076ab5e37a89fff26
N0152.jpg,Non-AMD,.jpg,JPEG,RGB,1444,1444,1444x1444,1.0,2085136,832028,0.7935,edb1cd9b03b2a105e0b669b3a5fc539f
N0153.jpg,Non-AMD,.jpg,JPEG,RGB,2124,2056,2124x2056,1.0331,4366944,1701027,1.6222,c2521bd4a616d73d48748ebeb9a3d8e7
N0154.jpg,Non-AMD,.jpg,JPEG,RGB,2124,2056,2124x2056,1.0331,4366944,1658495,1.5817,5737c54952088fe85a33fa471ba18144
N0155.jpg,Non-AMD,.jpg,JPEG,RGB,1444,1444,1444x1444,1.0,2085136,833278,0.7947,6846f5eff4b67cb25315371dd5b4eb23
N0156.jpg,Non-AMD,.jpg,JPEG,RGB,1444,1444,1444x1444,1.0,2085136,1083559,1.0334,817f77415d10aeb998a110c6ef8199a7
N0157.jpg,Non-AMD,.jpg,JPEG,RGB,2124,2056,2124x2056,1.0331,4366944,2060301,1.9649,a6aecc6de788a3710fb0f2e35d9e68bc
N0158.jpg,Non-AMD,.jpg,JPEG,RGB,1444,1444,1444x1444,1.0,2085136,1016275,0.9692,b29f592b4f1cac5badd988e6da67e8f6
N0159.jpg,Non-AMD,.jpg,JPEG,RGB,2124,2056,2124x2056,1.0331,4366944,1997384,1.9049,05495dad16663fd43062861831095375
N0160.jpg,Non-AMD,.jpg,JPEG,RGB,2124,2056,2124x2056,1.0331,4366944,1955041,1.8645,be201f9fb50a17ea6e0ddff4d4e3c55c
N0161.jpg,Non-AMD,.jpg,JPEG,RGB,1444,1444,1444x1444,1.0,2085136,1012825,0.9659,dcebbb72830ea8b0a45d603d20d4a969
N0162.jpg,Non-AMD,.jpg,JPEG,RGB,2124,2056,2124x2056,1.0331,4366944,2174899,2.0741,b4515068105c50d2c59af5e0f95da4d9
N0163.jpg,Non-AMD,.jpg,JPEG,RGB,1444,1444,1444x1444,1.0,2085136,1127023,1.0748,510dba888e4184e5f093f3ede6da8015
N0164.jpg,Non-AMD,.jpg,JPEG,RGB,2124,2056,2124x2056,1.0331,4366944,1807927,1.7242,68ac91cb2f7247413b29adeed5537a13
N0165.jpg,Non-AMD,.jpg,JPEG,RGB,1444,1444,1444x1444,1.0,2085136,1021540,0.9742,2287083a3c69411613ce7d98f1f1065a
N0166.jpg,Non-AMD,.jpg,JPEG,RGB,2124,2056,2124x2056,1.0331,4366944,1735088,1.6547,6784cc390f44c6b29f4576cd1cfd3c2a
N0167.jpg,Non-AMD,.jpg,JPEG,RGB,2124,2056,2124x2056,1.0331,4366944,1776083,1.6938,1314d155d03b63aa1634fb52bd582bf3
N0168.jpg,Non-AMD,.jpg,JPEG,RGB,2124,2056,2124x2056,1.0331,4366944,1872766,1.786,82f6d27e74b11e2c66996cc6a1bcf11e
N0169.jpg,Non-AMD,.jpg,JPEG,RGB,1444,1444,1444x1444,1.0,2085136,975585,0.9304,b99057334f2f2f9f2d9f2cd3e5474efa
N0170.jpg,Non-AMD,.jpg,JPEG,RGB,1444,1444,1444x1444,1.0,2085136,1029102,0.9814,a558557f7c74017cecd0e97969e3c406
N0171.jpg,Non-AMD,.jpg,JPEG,RGB,2124,2056,2124x2056,1.0331,4366944,2028039,1.9341,2cf3061aa43dec160496710409b62ac9
N0172.jpg,Non-AMD,.jpg,JPEG,RGB,2124,2056,2124x2056,1.0331,4366944,1936764,1.847,021cbb5412b35f391309bbab38a27211
N0173.jpg,Non-AMD,.jpg,JPEG,RGB,1444,1444,1444x1444,1.0,2085136,927350,0.8844,21e5c1ef7a2566435a3a997005380ceb
N0174.jpg,Non-AMD,.jpg,JPEG,RGB,1444,1444,1444x1444,1.0,2085136,848993,0.8097,e9fe296700ce02067059f1de1031e69f
N0175.jpg,Non-AMD,.jpg,JPEG,RGB,2124,2056,2124x2056,1.0331,4366944,1739026,1.6585,f36b1916e65e60d9e6b8fe0d5e132cb2
N0176.jpg,Non-AMD,.jpg,JPEG,RGB,1444,1444,1444x1444,1.0,2085136,959916,0.9154,9425e2ac4d003751fe2b257c0f61524b
N0177.jpg,Non-AMD,.jpg,JPEG,RGB,2124,2056,2124x2056,1.0331,4366944,1763304,1.6816,9a3275af979d00d375777dbfd1d1a0e5
N0178.jpg,Non-AMD,.jpg,JPEG,RGB,2124,2056,2124x2056,1.0331,4366944,1730330,1.6502,9e3e9bdc751564a3f48c0a6f4487f694
N0179.jpg,Non-AMD,.jpg,JPEG,RGB,1444,1444,1444x1444,1.0,2085136,903722,0.8619,8105b58864dc8a3869d0516578bdfb20
N0180.jpg,Non-AMD,.jpg,JPEG,RGB,2124,2056,2124x2056,1.0331,4366944,1938257,1.8485,613a31d823cc145450a7b883ad867068
N0181.jpg,Non-AMD,.jpg,JPEG,RGB,2124,2056,2124x2056,1.0331,4366944,1836343,1.7513,451d383bb35e2e9abf375a53cbf951b6
N0182.jpg,Non-AMD,.jpg,JPEG,RGB,2124,2056,2124x2056,1.0331,4366944,1714193,1.6348,1c01067be8b03e5f160feea0ff7bb39b
N0183.jpg,Non-AMD,.jpg,JPEG,RGB,1444,1444,1444x1444,1.0,2085136,980206,0.9348,2e510dd6f0cd374c123c55791fe1a380
N0184.jpg,Non-AMD,.jpg,JPEG,RGB,2124,2056,2124x2056,1.0331,4366944,1883495,1.7962,83f5e3e952b5cf94a9a9ecb47aa1451d
N0185.jpg,Non-AMD,.jpg,JPEG,RGB,1444,1444,1444x1444,1.0,2085136,933609,0.8904,3a57b84692cbe1b7b622c8a9cc2f033f
N0186.jpg,Non-AMD,.jpg,JPEG,RGB,2124,2056,2124x2056,1.0331,4366944,1805940,1.7223,c6058ebba538db4275a98f3dd2c77358
N0187.jpg,Non-AMD,.jpg,JPEG,RGB,1444,1444,1444x1444,1.0,2085136,1131753,1.0793,1d3607498f08e0e0b6601fd8bcbc7482
N0188.jpg,Non-AMD,.jpg,JPEG,RGB,2124,2056,2124x2056,1.0331,4366944,1928323,1.839,6623c28366cd603839f8a657b5398918
N0189.jpg,Non-AMD,.jpg,JPEG,RGB,2124,2056,2124x2056,1.0331,4366944,1907073,1.8187,3dccc47aeb7fb0c96da6a7c1c1a60369
N0190.jpg,Non-AMD,.jpg,JPEG,RGB,1444,1444,1444x1444,1.0,2085136,990892,0.945,bd4f9cd5c8bdccf3bdcc7d7588d8389c
N0191.jpg,Non-AMD,.jpg,JPEG,RGB,2124,2056,2124x2056,1.0331,4366944,1912818,1.8242,4c068d09f06241c8154798b5af806230
N0192.jpg,Non-AMD,.jpg,JPEG,RGB,2124,2056,2124x2056,1.0331,4366944,1836276,1.7512,d92baeb135b6a56752b98c7e5c8112a6
N0193.jpg,Non-AMD,.jpg,JPEG,RGB,2124,2056,2124x2056,1.0331,4366944,1850004,1.7643,61a24302d9784fcb89a62dcb947d0bc3
N0194.jpg,Non-AMD,.jpg,JPEG,RGB,2124,2056,2124x2056,1.0331,4366944,2010849,1.9177,0ff83e297cdb8297bca0e83288ee1388
N0195.jpg,Non-AMD,.jpg,JPEG,RGB,1444,1444,1444x1444,1.0,2085136,933661,0.8904,cc1ed8b8c213e961db920e9ae46ebd8b
N0196.jpg,Non-AMD,.jpg,JPEG,RGB,2124,2056,2124x2056,1.0331,4366944,1865319,1.7789,f4734ba439cf18e1c735d916d141b98f
N0197.jpg,Non-AMD,.jpg,JPEG,RGB,1444,1444,1444x1444,1.0,2085136,1014012,0.967,26afd65407a0d8d84a7845899c863253
N0198.jpg,Non-AMD,.jpg,JPEG,RGB,2124,2056,2124x2056,1.0331,4366944,1769599,1.6876,c1059051fa1657f8ef99fc41f3787462
N0199.jpg,Non-AMD,.jpg,JPEG,RGB,1444,1444,1444x1444,1.0,2085136,959741,0.9153,bd9ba66d6f8ebcd6e4afda336fbbd27f
N0200.jpg,Non-AMD,.jpg,JPEG,RGB,1444,1444,1444x1444,1.0,2085136,1022486,0.9751,86db921fc0e8981a6ce8c358fb5cecb8
N0201.jpg,Non-AMD,.jpg,JPEG,RGB,2124,2056,2124x2056,1.0331,4366944,1953449,1.863,fd59e3eae26b8c651147b6951958991e
N0202.jpg,Non-AMD,.jpg,JPEG,RGB,2124,2056,2124x2056,1.0331,4366944,2077837,1.9816,bed367d78a50aa87d8554064098ee1dd
N0203.jpg,Non-AMD,.jpg,JPEG,RGB,1444,1444,1444x1444,1.0,2085136,981994,0.9365,9883964ea1174d43f6403384e14ed525
N0204.jpg,Non-AMD,.jpg,JPEG,RGB,2124,2056,2124x2056,1.0331,4366944,1860040,1.7739,019c5269a063052738aa175287a8a9b5
N0205.jpg,Non-AMD,.jpg,JPEG,RGB,2124,2056,2124x2056,1.0331,4366944,1811684,1.7278,eef7da94ab1f8fcdc2a1216d32e4e111
N0206.jpg,Non-AMD,.jpg,JPEG,RGB,1444,1444,1444x1444,1.0,2085136,921376,0.8787,93e3b192f2626071fcad0635f42883fb
N0207.jpg,Non-AMD,.jpg,JPEG,RGB,2124,2056,2124x2056,1.0331,4366944,1711700,1.6324,b9fab69fe9446930dbd2be52795c07e5
N0208.jpg,Non-AMD,.jpg,JPEG,RGB,1444,1444,1444x1444,1.0,2085136,986971,0.9412,c6e170e9f9ca5eb2c87b533c51cb7593
N0209.jpg,Non-AMD,.jpg,JPEG,RGB,2124,2056,2124x2056,1.0331,4366944,1768531,1.6866,483b4aba4aa15dd7aa355cb6db9b077e
N0210.jpg,Non-AMD,.jpg,JPEG,RGB,1444,1444,1444x1444,1.0,2085136,928728,0.8857,97977d14c78e4c9285f963b989aaeeb6
N0211.jpg,Non-AMD,.jpg,JPEG,RGB,2124,2056,2124x2056,1.0331,4366944,1938182,1.8484,57722eaf32d9ad53adfc0301068e7935
N0212.jpg,Non-AMD,.jpg,JPEG,RGB,2124,2056,2124x2056,1.0331,4366944,1904736,1.8165,d2c81b0ad585989071aa775a6d1a31a7
N0213.jpg,Non-AMD,.jpg,JPEG,RGB,2124,2056,2124x2056,1.0331,4366944,1953709,1.8632,831cc896e8947fb55e2998219d390bc1
N0214.jpg,Non-AMD,.jpg,JPEG,RGB,1444,1444,1444x1444,1.0,2085136,987005,0.9413,51f7eafdb4e580d9b7197c0532403f7c
N0215.jpg,Non-AMD,.jpg,JPEG,RGB,2124,2056,2124x2056,1.0331,4366944,1835118,1.7501,3cc61f6e2bd20fd94a3cbfd2daf1a889
N0216.jpg,Non-AMD,.jpg,JPEG,RGB,1444,1444,1444x1444,1.0,2085136,913784,0.8715,6bc3d1dd2929bce3dac48e48c485ea38
N0217.jpg,Non-AMD,.jpg,JPEG,RGB,2124,2056,2124x2056,1.0331,4366944,1675873,1.5982,24e3d5e539530ca12e05f31fabb49b8b
N0218.jpg,Non-AMD,.jpg,JPEG,RGB,2124,2056,2124x2056,1.0331,4366944,1683484,1.6055,a98579542fa7d3883a739b94485d77c3
N0219.jpg,Non-AMD,.jpg,JPEG,RGB,1444,1444,1444x1444,1.0,2085136,1075642,1.0258,14fd8ac74f8cf639484bf966618c3f78
N0220.jpg,Non-AMD,.jpg,JPEG,RGB,2124,2056,2124x2056,1.0331,4366944,1689311,1.6111,a9fb1b848de7f2724d18dc2a60e13d25
N0221.jpg,Non-AMD,.jpg,JPEG,RGB,1444,1444,1444x1444,1.0,2085136,870949,0.8306,752f31483903673f59603cdcc709c147
N0222.jpg,Non-AMD,.jpg,JPEG,RGB,2124,2056,2124x2056,1.0331,4366944,1772337,1.6902,fc26f89986fff83847aec7c7191b94a0
N0223.jpg,Non-AMD,.jpg,JPEG,RGB,1444,1444,1444x1444,1.0,2085136,848159,0.8089,b599b9219a32019869932d5a342ea829
N0224.jpg,Non-AMD,.jpg,JPEG,RGB,2124,2056,2124x2056,1.0331,4366944,1771978,1.6899,311cd61740586c73028f831493689317
N0225.jpg,Non-AMD,.jpg,JPEG,RGB,2124,2056,2124x2056,1.0331,4366944,1777784,1.6954,080a1333de129fa6d204c7bf3f3049e2
N0226.jpg,Non-AMD,.jpg,JPEG,RGB,1444,1444,1444x1444,1.0,2085136,849518,0.8102,42da7bba381535568db2d79ab6915305
N0227.jpg,Non-AMD,.jpg,JPEG,RGB,2124,2056,2124x2056,1.0331,4366944,1826399,1.7418,62056061c0d030269fc10cbb2fd9b337
N0228.jpg,Non-AMD,.jpg,JPEG,RGB,2124,2056,2124x2056,1.0331,4366944,1703091,1.6242,6832bb4cdf51e68ac884a83e92a83c9f
N0229.jpg,Non-AMD,.jpg,JPEG,RGB,2124,2056,2124x2056,1.0331,4366944,1751886,1.6707,bdc74b05e7dafa305200e31b4f787a58
N0230.jpg,Non-AMD,.jpg,JPEG,RGB,2124,2056,2124x2056,1.0331,4366944,1703311,1.6244,70daed209251e352a00dd666abb16f02
N0231.jpg,Non-AMD,.jpg,JPEG,RGB,2124,2056,2124x2056,1.0331,4366944,1661550,1.5846,4487734929eba2657587bf9d7ef4cb86
N0232.jpg,Non-AMD,.jpg,JPEG,RGB,2124,2056,2124x2056,1.0331,4366944,1760710,1.6791,de0bafedb9a2eaa7c6e890b8218c5a48
N0233.jpg,Non-AMD,.jpg,JPEG,RGB,2124,2056,2124x2056,1.0331,4366944,1816041,1.7319,081a955513f2e01f05bbc21609a57fd1
N0234.jpg,Non-AMD,.jpg,JPEG,RGB,1444,1444,1444x1444,1.0,2085136,1057342,1.0084,dae02a5c6e8b8e387f0d06998742fe57
N0235.jpg,Non-AMD,.jpg,JPEG,RGB,2124,2056,2124x2056,1.0331,4366944,1830973,1.7462,c188539be15af7a47515afb971abe95c
N0236.jpg,Non-AMD,.jpg,JPEG,RGB,1444,1444,1444x1444,1.0,2085136,966249,0.9215,b07592db475a910f711ee5ffe20126e8
N0237.jpg,Non-AMD,.jpg,JPEG,RGB,1444,1444,1444x1444,1.0,2085136,902769,0.8609,4532f79d3cbd0135c79b81d9afd97a8e
N0238.jpg,Non-AMD,.jpg,JPEG,RGB,2124,2056,2124x2056,1.0331,4366944,1787854,1.705,3d4f83a5f5f00e01d354c17fa2590efe
N0239.jpg,Non-AMD,.jpg,JPEG,RGB,2124,2056,2124x2056,1.0331,4366944,1835288,1.7503,6acafde791f70a67d13b32aef73e84e2
N0240.jpg,Non-AMD,.jpg,JPEG,RGB,2124,2056,2124x2056,1.0331,4366944,1880685,1.7936,d2544784f30fbabf9184a39a13f3b9f1
N0241.jpg,Non-AMD,.jpg,JPEG,RGB,2124,2056,2124x2056,1.0331,4366944,1740468,1.6598,7191e7ad31e84c5e3e16a22463a1afb5
N0242.jpg,Non-AMD,.jpg,JPEG,RGB,1444,1444,1444x1444,1.0,2085136,861775,0.8219,802dad3e41f81b935a0cc577a5d609fd
N0243.jpg,Non-AMD,.jpg,JPEG,RGB,2124,2056,2124x2056,1.0331,4366944,1680430,1.6026,7b5e4c30a8e0eb7c23355d8600442e51
N0244.jpg,Non-AMD,.jpg,JPEG,RGB,1444,1444,1444x1444,1.0,2085136,838528,0.7997,8ae4250eeeeb76a93cb46ce1d6982e54
N0245.jpg,Non-AMD,.jpg,JPEG,RGB,1444,1444,1444x1444,1.0,2085136,1024597,0.9771,105cdcf9e9c3f19c78a37939f8dccea4
N0246.jpg,Non-AMD,.jpg,JPEG,RGB,2124,2056,2124x2056,1.0331,4366944,1859153,1.773,825d7e467bd7577dcb864820daabe06c
N0247.jpg,Non-AMD,.jpg,JPEG,RGB,2124,2056,2124x2056,1.0331,4366944,1757661,1.6762,a2f9a7478ddf31f3bffd61cb7d27716e
N0248.jpg,Non-AMD,.jpg,JPEG,RGB,1444,1444,1444x1444,1.0,2085136,940705,0.8971,2fe12ddf44e481947207861adf9e2df0
N0249.jpg,Non-AMD,.jpg,JPEG,RGB,2124,2056,2124x2056,1.0331,4366944,1804924,1.7213,6d8ebf3cf2240021ba3d87d03725ab4a
N0250.jpg,Non-AMD,.jpg,JPEG,RGB,2124,2056,2124x2056,1.0331,4366944,1852592,1.7668,4a0e07835907eeb06ab30e4ba9a3f92d
N0251.jpg,Non-AMD,.jpg,JPEG,RGB,1444,1444,1444x1444,1.0,2085136,983150,0.9376,887d9ae938594abbcbc619217680a6ba
N0252.jpg,Non-AMD,.jpg,JPEG,RGB,2124,2056,2124x2056,1.0331,4366944,1702455,1.6236,371aa234c0f56c4b7bd769948c6b78cc
N0253.jpg,Non-AMD,.jpg,JPEG,RGB,2124,2056,2124x2056,1.0331,4366944,1647084,1.5708,ada280145a9e14f929f0a332e20a9d45
N0254.jpg,Non-AMD,.jpg,JPEG,RGB,1444,1444,1444x1444,1.0,2085136,834141,0.7955,fe67f9d99948cb3d123f5038f847cd93
N0255.jpg,Non-AMD,.jpg,JPEG,RGB,2124,2056,2124x2056,1.0331,4366944,1759519,1.678,fbb4dfb7252f9448ecd11e9968e0c3b6
N0256.jpg,Non-AMD,.jpg,JPEG,RGB,1444,1444,1444x1444,1.0,2085136,1045103,0.9967,002a91234c3bbbc42903154262994214
N0257.jpg,Non-AMD,.jpg,JPEG,RGB,1444,1444,1444x1444,1.0,2085136,872676,0.8322,7671ddb16939edf197e2f42fcbb53c4e
N0258.jpg,Non-AMD,.jpg,JPEG,RGB,2124,2056,2124x2056,1.0331,4366944,1827406,1.7428,c1edcd92ed9bed9300db4d07f0a21d0b
N0259.jpg,Non-AMD,.jpg,JPEG,RGB,2124,2056,2124x2056,1.0331,4366944,1798846,1.7155,f7ee2d71e96909348eaddde6619cb4e2
N0260.jpg,Non-AMD,.jpg,JPEG,RGB,1444,1444,1444x1444,1.0,2085136,952381,0.9083,96c3bccff28f25736d2318ce42f4731b
N0261.jpg,Non-AMD,.jpg,JPEG,RGB,2124,2056,2124x2056,1.0331,4366944,1756339,1.675,d01afb7e9480dba78c68c8ca621e0039
N0262.jpg,Non-AMD,.jpg,JPEG,RGB,2124,2056,2124x2056,1.0331,4366944,1742476,1.6618,9ea49e2d3c57b81865791fc2a4cc45db
N0263.jpg,Non-AMD,.jpg,JPEG,RGB,1444,1444,1444x1444,1.0,2085136,829284,0.7909,d4f0551fe7a633856c1fadcac9291218
N0264.jpg,Non-AMD,.jpg,JPEG,RGB,2124,2056,2124x2056,1.0331,4366944,1764707,1.683,8b0cbdfcf29c496287c5a6669f9faa83
N0265.jpg,Non-AMD,.jpg,JPEG,RGB,1444,1444,1444x1444,1.0,2085136,860708,0.8208,086faca7961f5586f5f06febbf676f28
N0266.jpg,Non-AMD,.jpg,JPEG,RGB,1444,1444,1444x1444,1.0,2085136,978263,0.9329,801faf1b2d32d53bea7a5ce3345610a5
N0267.jpg,Non-AMD,.jpg,JPEG,RGB,2124,2056,2124x2056,1.0331,4366944,1777726,1.6954,0c2e0129363423921a7e5a5457c9cc9c
N0268.jpg,Non-AMD,.jpg,JPEG,RGB,1444,1444,1444x1444,1.0,2085136,886473,0.8454,63535f81f70c874f41255cd8102fff70
N0269.jpg,Non-AMD,.jpg,JPEG,RGB,2124,2056,2124x2056,1.0331,4366944,1795566,1.7124,354b9275aa35a6d8a81327c07e5888a7
N0270.jpg,Non-AMD,.jpg,JPEG,RGB,1444,1444,1444x1444,1.0,2085136,973849,0.9287,0e36d0e04402bb04483606b6de3a3259
N0271.jpg,Non-AMD,.jpg,JPEG,RGB,2124,2056,2124x2056,1.0331,4366944,1738074,1.6576,14a8c4a4c94ce487ff07e396b6dd34a6
N0272.jpg,Non-AMD,.jpg,JPEG,RGB,2124,2056,2124x2056,1.0331,4366944,1825763,1.7412,805a01bd544f04d53a4bdb1238cc3dd0
N0273.jpg,Non-AMD,.jpg,JPEG,RGB,1444,1444,1444x1444,1.0,2085136,966520,0.9217,1ac14e50408d0ab8f04a20deff069ed5
N0274.jpg,Non-AMD,.jpg,JPEG,RGB,1444,1444,1444x1444,1.0,2085136,982202,0.9367,2a7ebd75c68c9677e919dd42f358cb24
N0275.jpg,Non-AMD,.jpg,JPEG,RGB,2124,2056,2124x2056,1.0331,4366944,1804305,1.7207,8b92ea1bf42650278cb60415cc4dcb19
N0276.jpg,Non-AMD,.jpg,JPEG,RGB,2124,2056,2124x2056,1.0331,4366944,1766277,1.6845,737c066e41f7f78ceeadf067c3133ad0
N0277.jpg,Non-AMD,.jpg,JPEG,RGB,1444,1444,1444x1444,1.0,2085136,857554,0.8178,a738b13a130b43d13be28377d880a8dd
N0278.jpg,Non-AMD,.jpg,JPEG,RGB,2124,2056,2124x2056,1.0331,4366944,1733787,1.6535,2c66ee518584587ac5004f79d52b3860
N0279.jpg,Non-AMD,.jpg,JPEG,RGB,2124,2056,2124x2056,1.0331,4366944,1749739,1.6687,e3f2b84c5ac7c0828b45bc39cd1e4f34
N0280.jpg,Non-AMD,.jpg,JPEG,RGB,1444,1444,1444x1444,1.0,2085136,850451,0.8111,0d97f898f01fcc9803e7820464848937
N0281.jpg,Non-AMD,.jpg,JPEG,RGB,1444,1444,1444x1444,1.0,2085136,848155,0.8089,e5c0b9f318f4ce007ccbacbc58ad0c36
N0282.jpg,Non-AMD,.jpg,JPEG,RGB,1444,1444,1444x1444,1.0,2085136,1006414,0.9598,bcf1a2327dc8d0a0f1b98bb76f96702d
N0283.jpg,Non-AMD,.jpg,JPEG,RGB,2124,2056,2124x2056,1.0331,4366944,1785663,1.7029,fa425d3d481e13ccc5dc640ed363139d
N0284.jpg,Non-AMD,.jpg,JPEG,RGB,1444,1444,1444x1444,1.0,2085136,874930,0.8344,cbab45c13f7416e159332b1609ec229e
N0285.jpg,Non-AMD,.jpg,JPEG,RGB,2124,2056,2124x2056,1.0331,4366944,1782232,1.6997,2ba02a13dbcaebf565406350106a31dd
N0286.jpg,Non-AMD,.jpg,JPEG,RGB,2124,2056,2124x2056,1.0331,4366944,1827336,1.7427,bbef215f856de8b0f35f7cd43611360f
N0287.jpg,Non-AMD,.jpg,JPEG,RGB,2124,2056,2124x2056,1.0331,4366944,1816358,1.7322,ef362f7035754acb24cbd02479c9a1d6
N0288.jpg,Non-AMD,.jpg,JPEG,RGB,2124,2056,2124x2056,1.0331,4366944,1705122,1.6261,4e62c063db6b1a5776468654303c6fb7
N0289.jpg,Non-AMD,.jpg,JPEG,RGB,1444,1444,1444x1444,1.0,2085136,835819,0.7971,5e05c37bbeaafb8924a1000a3dc3cead
N0290.jpg,Non-AMD,.jpg,JPEG,RGB,1444,1444,1444x1444,1.0,2085136,840059,0.8011,c57dead4f97e3abb85df9d981259ec63
N0291.jpg,Non-AMD,.jpg,JPEG,RGB,1444,1444,1444x1444,1.0,2085136,824268,0.7861,2c23e2f6c781d29f6aab0ccfe826478f
N0292.jpg,Non-AMD,.jpg,JPEG,RGB,1444,1444,1444x1444,1.0,2085136,1000998,0.9546,9567030ab7e7561d294b0c3e78e30550
N0293.jpg,Non-AMD,.jpg,JPEG,RGB,1444,1444,1444x1444,1.0,2085136,837146,0.7984,14c759f1f351c450c1e16ab3f2b12dae
N0294.jpg,Non-AMD,.jpg,JPEG,RGB,1444,1444,1444x1444,1.0,2085136,1026926,0.9794,bed76b5974262ab7349c25cbf4b7fac7
N0295.jpg,Non-AMD,.jpg,JPEG,RGB,1444,1444,1444x1444,1.0,2085136,974349,0.9292,6942f88ffe890ae720fce0bb658edfbe
N0296.jpg,Non-AMD,.jpg,JPEG,RGB,1444,1444,1444x1444,1.0,2085136,904227,0.8623,b1bb05244c4cf8503425b3abbec904f7
N0297.jpg,Non-AMD,.jpg,JPEG,RGB,1444,1444,1444x1444,1.0,2085136,846042,0.8068,e6a435da8a7e7c74ce8592d3f9b5685f
N0298.jpg,Non-AMD,.jpg,JPEG,RGB,1444,1444,1444x1444,1.0,2085136,881707,0.8409,5da455a388e113ee9a19a5164af74208
N0299.jpg,Non-AMD,.jpg,JPEG,RGB,2124,2056,2124x2056,1.0331,4366944,1760785,1.6792,57baa62a7657c8ff095ec17e1b3c5b38
N0300.jpg,Non-AMD,.jpg,JPEG,RGB,1444,1444,1444x1444,1.0,2085136,947425,0.9035,a9f9cd3c6a4cf0fb358fd55815a09810
N0301.jpg,Non-AMD,.jpg,JPEG,RGB,1444,1444,1444x1444,1.0,2085136,848485,0.8092,2c098da24ce77ce4dd6d91876ae6ffe8
N0302.jpg,Non-AMD,.jpg,JPEG,RGB,1444,1444,1444x1444,1.0,2085136,860574,0.8207,e80eb2bbb4366d9ef07b018325c4fb6a
N0303.jpg,Non-AMD,.jpg,JPEG,RGB,1444,1444,1444x1444,1.0,2085136,923187,0.8804,9a6cdeb7b06d22bd3dae95494048f05d
N0304.jpg,Non-AMD,.jpg,JPEG,RGB,1444,1444,1444x1444,1.0,2085136,820914,0.7829,9ad21458e1b2690f2ed7a9602dc82b73
N0305.jpg,Non-AMD,.jpg,JPEG,RGB,1444,1444,1444x1444,1.0,2085136,936718,0.8933,ae0f4382a10784ca1594537450bfc526
N0306.jpg,Non-AMD,.jpg,JPEG,RGB,1444,1444,1444x1444,1.0,2085136,982328,0.9368,36efe07c66a5af98bcad36425b9bac30
N0307.jpg,Non-AMD,.jpg,JPEG,RGB,1444,1444,1444x1444,1.0,2085136,879360,0.8386,ba768a1deea1e926ea09f3db088b90b9
N0308.jpg,Non-AMD,.jpg,JPEG,RGB,1444,1444,1444x1444,1.0,2085136,810851,0.7733,bd29212a81f744f6da1e7a3494a9fdbe
N0309.jpg,Non-AMD,.jpg,JPEG,RGB,1444,1444,1444x1444,1.0,2085136,1031748,0.984,affe9c6013f1acda5e09d92f70bea464
N0310.jpg,Non-AMD,.jpg,JPEG,RGB,1444,1444,1444x1444,1.0,2085136,824768,0.7866,4659528e998df1cfe320fe36ddd8a44d
N0311.jpg,Non-AMD,.jpg,JPEG,RGB,1444,1444,1444x1444,1.0,2085136,992402,0.9464,b80eb35130980ea7111fccbccaee0b0e
