hash_md5,arquivo,codigo_diagnostico,diagnostico,quantidade_no_grupo,mesmo_rotulo_no_grupo
3ac647a4d7641b4e22dd19bd697a7817,00cb6555d108.png,1,retinopatia_diabetica_leve,2,True
3ac647a4d7641b4e22dd19bd697a7817,ca25745942b0.png,1,retinopatia_diabetica_leve,2,True
028d27ff645aaeb21688586fbb0e9299,012a242ac6ff.png,2,retinopatia_diabetica_moderada,2,True
028d27ff645aaeb21688586fbb0e9299,1f07dae3cadb.png,2,retinopatia_diabetica_moderada,2,True
02e855cb5c1eb05c81e6fd027ccdbcf2,0161338f53cc.png,2,retinopatia_diabetica_moderada,2,True
02e855cb5c1eb05c81e6fd027ccdbcf2,cac40227d3b2.png,2,retinopatia_diabetica_moderada,2,True
98676a1c7620db82004eb9490750b657,026dcd9af143.png,2,retinopatia_diabetica_moderada,2,True
98676a1c7620db82004eb9490750b657,98e8adcf085c.png,2,retinopatia_diabetica_moderada,2,True
c04aefbe905a9452432f505d23329e1c,034cb07a550f.png,4,retinopatia_diabetica_proliferativa,2,True
c04aefbe905a9452432f505d23329e1c,c8d2d32f7f29.png,4,retinopatia_diabetica_proliferativa,2,True
b5b0a2781910881117ddb397011f6f2a,04ac765f91a1.png,1,retinopatia_diabetica_leve,2,True
b5b0a2781910881117ddb397011f6f2a,3044022c6969.png,1,retinopatia_diabetica_leve,2,True
cf167b308c1501b136483264a98efb08,05a5183c92d0.png,1,retinopatia_diabetica_leve,2,True
cf167b308c1501b136483264a98efb08,63a03880939c.png,1,retinopatia_diabetica_leve,2,True
b18463e4dc88eebb8623b80025f4004f,07419eddd6be.png,2,retinopatia_diabetica_moderada,2,True
b18463e4dc88eebb8623b80025f4004f,81b0a2651c45.png,2,retinopatia_diabetica_moderada,2,True
89ecd9da08e22d225b70af86960ca4f6,0ac436400db4.png,2,retinopatia_diabetica_moderada,2,False
89ecd9da08e22d225b70af86960ca4f6,fda39982a810.png,3,retinopatia_diabetica_grave,2,False
23990e3cba419d62846f8f90f7c589a2,0c7e82daf5a0.png,2,retinopatia_diabetica_moderada,2,True
23990e3cba419d62846f8f90f7c589a2,3e86335bc2fd.png,2,retinopatia_diabetica_moderada,2,True
91b2c675f15f09bcddc0613929de649b,0cb14014117d.png,3,retinopatia_diabetica_grave,2,False
91b2c675f15f09bcddc0613929de649b,4a44cc840ebe.png,2,retinopatia_diabetica_moderada,2,False
1a78b60bc76f0b2ddf72f50a62086ac8,0dce95217626.png,1,retinopatia_diabetica_leve,2,True
1a78b60bc76f0b2ddf72f50a62086ac8,94372043d55b.png,1,retinopatia_diabetica_leve,2,True
a6e3a43a938c5632d1d6d000c8d62777,1006345f70b7.png,2,retinopatia_diabetica_moderada,2,True
a6e3a43a938c5632d1d6d000c8d62777,435d900fa7b2.png,2,retinopatia_diabetica_moderada,2,True
5b3181be8aeefac80b1a03526a2c914a,111898ab463d.png,1,retinopatia_diabetica_leve,2,True
5b3181be8aeefac80b1a03526a2c914a,33105f9b3a04.png,1,retinopatia_diabetica_leve,2,True
f5a81fd1e5907e2a9f66595e63e845cd,11242a67122d.png,4,retinopatia_diabetica_proliferativa,2,True
f5a81fd1e5907e2a9f66595e63e845cd,65c958379680.png,4,retinopatia_diabetica_proliferativa,2,True
46f3762267786dd7c5758db84cef2b09,12e3f5f2cb17.png,1,retinopatia_diabetica_leve,2,True
46f3762267786dd7c5758db84cef2b09,d567a1a22d33.png,1,retinopatia_diabetica_leve,2,True
7c503683d5df9841616568d658e8036c,135575dc57c9.png,2,retinopatia_diabetica_moderada,2,True
7c503683d5df9841616568d658e8036c,2c2aa057afc5.png,2,retinopatia_diabetica_moderada,2,True
70137cf193f130d2cae49768c75fc565,1411c8ab7161.png,2,retinopatia_diabetica_moderada,2,True
70137cf193f130d2cae49768c75fc565,8acffaf1f4b9.png,2,retinopatia_diabetica_moderada,2,True
c76f749a820f01b47be98198f039ae19,144b01e7b993.png,2,retinopatia_diabetica_moderada,2,True
c76f749a820f01b47be98198f039ae19,1e143fa3de57.png,2,retinopatia_diabetica_moderada,2,True
972c611311946673ad19ba48c4d8bb9b,14515b8f19b6.png,2,retinopatia_diabetica_moderada,2,True
972c611311946673ad19ba48c4d8bb9b,ba2624883599.png,2,retinopatia_diabetica_moderada,2,True
197303f49434137ed6ab3c9906d76a13,14e3f84445f7.png,3,retinopatia_diabetica_grave,2,False
197303f49434137ed6ab3c9906d76a13,f0f89314e860.png,4,retinopatia_diabetica_proliferativa,2,False
6b82af09990c57a676fc03856e4b3400,1632c4311fc9.png,2,retinopatia_diabetica_moderada,2,False
6b82af09990c57a676fc03856e4b3400,a75bab2463d4.png,1,retinopatia_diabetica_leve,2,False
43dfa00fbc2751c3dfa76bb11efd9014,1638404f385c.png,4,retinopatia_diabetica_proliferativa,2,True
43dfa00fbc2751c3dfa76bb11efd9014,576e189d23d4.png,4,retinopatia_diabetica_proliferativa,2,True
f531664675320df675bab2274044de4f,19722bff5a09.png,1,retinopatia_diabetica_leve,2,True
f531664675320df675bab2274044de4f,19e350c7c83c.png,1,retinopatia_diabetica_leve,2,True
b0096445fdcb0bfe78b842bd1b013c1d,1a1b4b2450ca.png,2,retinopatia_diabetica_moderada,2,True
b0096445fdcb0bfe78b842bd1b013c1d,92b0d27fc0ec.png,2,retinopatia_diabetica_moderada,2,True
28d0e4881c6126e523c4eb6652b4caf0,1ae8c165fd53.png,2,retinopatia_diabetica_moderada,2,True
28d0e4881c6126e523c4eb6652b4caf0,5a36cea278ae.png,2,retinopatia_diabetica_moderada,2,True
832da9ad4da3837e03629b8ab7ceffb7,1b4625877527.png,2,retinopatia_diabetica_moderada,2,True
832da9ad4da3837e03629b8ab7ceffb7,86b3a7929bec.png,2,retinopatia_diabetica_moderada,2,True
6b85fba99dee00867ca00d47f8676d5d,1c4d87baaffc.png,2,retinopatia_diabetica_moderada,2,False
6b85fba99dee00867ca00d47f8676d5d,35aa7f5c2ec0.png,1,retinopatia_diabetica_leve,2,False
621ea25694ed9b66999b2a4ec91fe632,1c5e6cdc7ee1.png,2,retinopatia_diabetica_moderada,2,True
621ea25694ed9b66999b2a4ec91fe632,3c53198519f7.png,2,retinopatia_diabetica_moderada,2,True
20ace75a463236852918e4455195a6e0,1c6d119c3d70.png,2,retinopatia_diabetica_moderada,2,True
20ace75a463236852918e4455195a6e0,a56230242a95.png,2,retinopatia_diabetica_moderada,2,True
d81ce47a6d4b99561bdbd8ac3bd41728,1c9c583c10bf.png,0,sem_retinopatia_diabetica,2,False
d81ce47a6d4b99561bdbd8ac3bd41728,ea15a290eb96.png,1,retinopatia_diabetica_leve,2,False
700273276919a1b23331825d9b4e6108,1cb814ed6332.png,2,retinopatia_diabetica_moderada,2,True
700273276919a1b23331825d9b4e6108,a7b0d0c51731.png,2,retinopatia_diabetica_moderada,2,True
05f30df45f7e07befe26b995f39cad64,1dfbede13143.png,2,retinopatia_diabetica_moderada,2,True
05f30df45f7e07befe26b995f39cad64,38fe9f854046.png,2,retinopatia_diabetica_moderada,2,True
fcfda099faac74a2ee724032d1566d7f,1e8a1fdee5b9.png,1,retinopatia_diabetica_leve,3,True
fcfda099faac74a2ee724032d1566d7f,a47432cd41e7.png,1,retinopatia_diabetica_leve,3,True
fcfda099faac74a2ee724032d1566d7f,b8ebedd382de.png,1,retinopatia_diabetica_leve,3,True
23d0e6d9ea565768b4b1a55ed17392da,1e9224ccca95.png,4,retinopatia_diabetica_proliferativa,2,True
23d0e6d9ea565768b4b1a55ed17392da,f6f3ea0d2693.png,4,retinopatia_diabetica_proliferativa,2,True
ec7b3c14d910adb43373f6df0b155517,1ee1eb7943db.png,2,retinopatia_diabetica_moderada,2,True
ec7b3c14d910adb43373f6df0b155517,c2d2b4f536da.png,2,retinopatia_diabetica_moderada,2,True
0a20d5b84db6d380d9ce66be03b3369c,22895c89792f.png,4,retinopatia_diabetica_proliferativa,2,True
0a20d5b84db6d380d9ce66be03b3369c,bd5013540a13.png,4,retinopatia_diabetica_proliferativa,2,True
de4d6b745deb0c337b7c3bca50d9b0a3,23d7ca170bdb.png,2,retinopatia_diabetica_moderada,2,True
de4d6b745deb0c337b7c3bca50d9b0a3,ea9e0fb6fb0b.png,2,retinopatia_diabetica_moderada,2,True
a91ddc619ae3b19f7343b87fb1a5fc41,26e231747848.png,2,retinopatia_diabetica_moderada,2,True
a91ddc619ae3b19f7343b87fb1a5fc41,36ec36c301c1.png,2,retinopatia_diabetica_moderada,2,True
b985387a6d90af5b7ffd767a769e15ae,278aa860dffd.png,1,retinopatia_diabetica_leve,2,False
b985387a6d90af5b7ffd767a769e15ae,f066db7a2efe.png,0,sem_retinopatia_diabetica,2,False
cac2bb4f4311440d35942098b685cfdd,2923971566fe.png,0,sem_retinopatia_diabetica,2,True
cac2bb4f4311440d35942098b685cfdd,badb5ff8d3c7.png,0,sem_retinopatia_diabetica,2,True
fc9975c1046cd6401c1900b351fc41ea,2a3a1ed1c285.png,2,retinopatia_diabetica_moderada,2,True
fc9975c1046cd6401c1900b351fc41ea,2b21d293fdf2.png,2,retinopatia_diabetica_moderada,2,True
9de693d1d4aa57e91748bc3aaf0a77d6,2cceb07ff706.png,2,retinopatia_diabetica_moderada,2,True
9de693d1d4aa57e91748bc3aaf0a77d6,8a759f94613a.png,2,retinopatia_diabetica_moderada,2,True
9cec7a539307e196cfb77da86c8d6af5,2df07eb5779f.png,4,retinopatia_diabetica_proliferativa,2,False
9cec7a539307e196cfb77da86c8d6af5,b91ef82e723a.png,2,retinopatia_diabetica_moderada,2,False
b7efca477da20c2db8ffd7a9a2867f2f,2f7789c1e046.png,4,retinopatia_diabetica_proliferativa,2,False
b7efca477da20c2db8ffd7a9a2867f2f,a8e88d4891c4.png,3,retinopatia_diabetica_grave,2,False
cea1f713f6a0738a09ede3e4bdabebc0,30cab14951ac.png,1,retinopatia_diabetica_leve,2,False
cea1f713f6a0738a09ede3e4bdabebc0,c546670d9684.png,0,sem_retinopatia_diabetica,2,False
73596fbf13ee7fb3fef8a6be6cea049f,36041171f441.png,1,retinopatia_diabetica_leve,2,True
73596fbf13ee7fb3fef8a6be6cea049f,595446774178.png,1,retinopatia_diabetica_leve,2,True
4c301ac57f6743f7dcfb3e6f0eb28282,36677b70b1ef.png,1,retinopatia_diabetica_leve,2,True
4c301ac57f6743f7dcfb3e6f0eb28282,7bf981d9c7fe.png,1,retinopatia_diabetica_leve,2,True
4a1e67e016810e9c9ba08c9ae8be1b98,38487e1a5b1f.png,2,retinopatia_diabetica_moderada,2,True
4a1e67e016810e9c9ba08c9ae8be1b98,b376def52ccc.png,2,retinopatia_diabetica_moderada,2,True
acc1c260da1ea686568a6f2917921775,3a1d3ce00f0c.png,2,retinopatia_diabetica_moderada,2,True
acc1c260da1ea686568a6f2917921775,a19507501b40.png,2,retinopatia_diabetica_moderada,2,True
8e6abcd4614321a1c334377cf9b78dde,3b4a5fcbe5e0.png,4,retinopatia_diabetica_proliferativa,2,True
8e6abcd4614321a1c334377cf9b78dde,3ca637fddd56.png,4,retinopatia_diabetica_proliferativa,2,True
22f5076c4ee1788e4e80c44b3d459e93,3cd801ffdbf0.png,2,retinopatia_diabetica_moderada,2,False
22f5076c4ee1788e4e80c44b3d459e93,7525ebb3434d.png,3,retinopatia_diabetica_grave,2,False
aa0c64b332d5317ae2b0634820d10bb9,3dbfbc11e105.png,2,retinopatia_diabetica_moderada,2,False
aa0c64b332d5317ae2b0634820d10bb9,d0079cc188e9.png,3,retinopatia_diabetica_grave,2,False
904f4908413390a79e0c6f294f056796,3ee4841936ef.png,4,retinopatia_diabetica_proliferativa,2,False
904f4908413390a79e0c6f294f056796,7005be54cab1.png,1,retinopatia_diabetica_leve,2,False
319b37310cab5383d72f3ecdd6385fd2,3f44d749cd0b.png,0,sem_retinopatia_diabetica,2,True
319b37310cab5383d72f3ecdd6385fd2,f9e1c439d4c8.png,0,sem_retinopatia_diabetica,2,True
41c7dd89e5657c1808c2aa87ee3310cd,3fd7df6099e3.png,2,retinopatia_diabetica_moderada,2,True
41c7dd89e5657c1808c2aa87ee3310cd,a3b2e93d058b.png,2,retinopatia_diabetica_moderada,2,True
e7ec65d286ccf33375db4c82254b2ab5,40e9b5630438.png,1,retinopatia_diabetica_leve,2,True
e7ec65d286ccf33375db4c82254b2ab5,77a9538b8362.png,1,retinopatia_diabetica_leve,2,True
744cd9e1e5b28be9b4ed20c7698e2634,42985aa2e32f.png,0,sem_retinopatia_diabetica,2,False
744cd9e1e5b28be9b4ed20c7698e2634,6165081b9021.png,1,retinopatia_diabetica_leve,2,False
ece61abc754cc776d087ab5ba13e3837,42a850acd2ac.png,2,retinopatia_diabetica_moderada,3,False
ece61abc754cc776d087ab5ba13e3837,51131b48f9d4.png,1,retinopatia_diabetica_leve,3,False
ece61abc754cc776d087ab5ba13e3837,8cb6b0efaaac.png,2,retinopatia_diabetica_moderada,3,False
781b4bf238bc2bba180d85f615a988a6,43fb6eda9b97.png,2,retinopatia_diabetica_moderada,2,True
781b4bf238bc2bba180d85f615a988a6,e4e343eaae2a.png,2,retinopatia_diabetica_moderada,2,True
c87e2f95a75a7ab965aa58e730a0d4cc,46cdc8b685bd.png,4,retinopatia_diabetica_proliferativa,2,False
c87e2f95a75a7ab965aa58e730a0d4cc,e4151feb8443.png,2,retinopatia_diabetica_moderada,2,False
e7699fcab7a16c18350e96d8e9890cff,48c49f662f7d.png,2,retinopatia_diabetica_moderada,2,True
e7699fcab7a16c18350e96d8e9890cff,6cb98da77e3e.png,2,retinopatia_diabetica_moderada,2,True
b5b7d8571461326767d14d895f56f41e,4ce74e5eb51d.png,2,retinopatia_diabetica_moderada,2,True
b5b7d8571461326767d14d895f56f41e,c68dfa021d62.png,2,retinopatia_diabetica_moderada,2,True
cb7523a83e7304c837e86cd5afdef5ab,4d7d6928534a.png,1,retinopatia_diabetica_leve,2,True
cb7523a83e7304c837e86cd5afdef5ab,94b1d8ad35ec.png,1,retinopatia_diabetica_leve,2,True
76773eca8d3a286e9baf4c146745d912,4fecf87184e6.png,3,retinopatia_diabetica_grave,3,False
76773eca8d3a286e9baf4c146745d912,9bf060db8376.png,3,retinopatia_diabetica_grave,3,False
76773eca8d3a286e9baf4c146745d912,f7edc074f06b.png,2,retinopatia_diabetica_moderada,3,False
bd50c5d39c29e48294f5a73dbf0e43a5,521d3e264d71.png,2,retinopatia_diabetica_moderada,2,False
bd50c5d39c29e48294f5a73dbf0e43a5,fe0fc67c7980.png,3,retinopatia_diabetica_grave,2,False
27e6970be8d58fb48d4385eb902d9f74,530d78467615.png,2,retinopatia_diabetica_moderada,2,True
27e6970be8d58fb48d4385eb902d9f74,c1c8550508e0.png,2,retinopatia_diabetica_moderada,2,True
bc7a44a01c566a98d6b19ca435b18830,5b76117c4bcb.png,4,retinopatia_diabetica_proliferativa,2,True
bc7a44a01c566a98d6b19ca435b18830,e037643244b7.png,4,retinopatia_diabetica_proliferativa,2,True
e696ddd2ab0544e99e4a6050586875a9,5dc23e440de3.png,2,retinopatia_diabetica_moderada,2,True
e696ddd2ab0544e99e4a6050586875a9,f4d3777f2710.png,2,retinopatia_diabetica_moderada,2,True
b61e2db328e9cca61c40bebdcb147586,5e7db41b3bee.png,4,retinopatia_diabetica_proliferativa,2,False
b61e2db328e9cca61c40bebdcb147586,a1b12fdce6c3.png,2,retinopatia_diabetica_moderada,2,False
d4fde9f76b4e7cc88059684cf9dc0ed2,5eb311bcb5f9.png,2,retinopatia_diabetica_moderada,2,False
d4fde9f76b4e7cc88059684cf9dc0ed2,a9e984b57556.png,3,retinopatia_diabetica_grave,2,False
fc193ee5b4467caaeeb4cbb68d442535,60f15dd68d30.png,4,retinopatia_diabetica_proliferativa,2,False
fc193ee5b4467caaeeb4cbb68d442535,fcc6aa6755e6.png,3,retinopatia_diabetica_grave,2,False
292a349e96cc5560aeb965019b116180,6253f23229b1.png,3,retinopatia_diabetica_grave,2,False
292a349e96cc5560aeb965019b116180,76cfe8967f7d.png,2,retinopatia_diabetica_moderada,2,False
7b9295a4e13c2b6684a249675b34cd38,64678182d8a8.png,1,retinopatia_diabetica_leve,2,True
7b9295a4e13c2b6684a249675b34cd38,6b00cb764237.png,1,retinopatia_diabetica_leve,2,True
c4554a3c1170517ea907f3577a548871,65e51e18242b.png,1,retinopatia_diabetica_leve,2,True
c4554a3c1170517ea907f3577a548871,cc12453ea915.png,1,retinopatia_diabetica_leve,2,True
c018040a60996e17debbca55416f5adb,68332fdcaa70.png,1,retinopatia_diabetica_leve,2,True
c018040a60996e17debbca55416f5adb,d801c0a66738.png,1,retinopatia_diabetica_leve,2,True
e4b6268985b346018804a921801508d1,6c3745a222da.png,4,retinopatia_diabetica_proliferativa,2,True
e4b6268985b346018804a921801508d1,eadc57064154.png,4,retinopatia_diabetica_proliferativa,2,True
f9f3914e7ff337cb501cbbbe3ff0a1bb,6e92b1c5ac8e.png,3,retinopatia_diabetica_grave,2,True
f9f3914e7ff337cb501cbbbe3ff0a1bb,9c52b87d01f1.png,3,retinopatia_diabetica_grave,2,True
a8317a69910d9f044779c51f19d02b20,71c1a3cdbe47.png,1,retinopatia_diabetica_leve,2,True
a8317a69910d9f044779c51f19d02b20,79ce83c07588.png,1,retinopatia_diabetica_leve,2,True
73341fb3fe7160f070afff19b20332ed,7550966ef777.png,2,retinopatia_diabetica_moderada,2,True
73341fb3fe7160f070afff19b20332ed,8d7bb0649a02.png,2,retinopatia_diabetica_moderada,2,True
7dec9b9409bbe91d196a4923135b4c4e,75a7bc945b7d.png,2,retinopatia_diabetica_moderada,2,True
7dec9b9409bbe91d196a4923135b4c4e,98104c8c67eb.png,2,retinopatia_diabetica_moderada,2,True
ec96fe859062b331093a609ae243341a,7877be80901c.png,2,retinopatia_diabetica_moderada,2,True
ec96fe859062b331093a609ae243341a,ee2c2a5f7d0e.png,2,retinopatia_diabetica_moderada,2,True
8fcda303040d5beddf94056fb8c90fdb,7a0cff4c24b2.png,2,retinopatia_diabetica_moderada,2,True
8fcda303040d5beddf94056fb8c90fdb,86baef833ae0.png,2,retinopatia_diabetica_moderada,2,True
7466afedd7c8d829f842228478bc65ee,7a3ea1779b13.png,1,retinopatia_diabetica_leve,4,True
7466afedd7c8d829f842228478bc65ee,a8582e346df0.png,1,retinopatia_diabetica_leve,4,True
7466afedd7c8d829f842228478bc65ee,c027e5482e8c.png,1,retinopatia_diabetica_leve,4,True
7466afedd7c8d829f842228478bc65ee,ca6842bfcbc9.png,1,retinopatia_diabetica_leve,4,True
6207f33919babcb3e65625538a4118e1,7b691d9ced34.png,0,sem_retinopatia_diabetica,2,True
6207f33919babcb3e65625538a4118e1,d51c2153d151.png,0,sem_retinopatia_diabetica,2,True
3dff539fe2c5e2dfcb8dac73b0424f16,7d261f986bef.png,2,retinopatia_diabetica_moderada,2,True
3dff539fe2c5e2dfcb8dac73b0424f16,91cbe1c775ef.png,2,retinopatia_diabetica_moderada,2,True
165540476389b5d13f68c4468bcb4ed4,7e160c8b611e.png,3,retinopatia_diabetica_grave,2,True
165540476389b5d13f68c4468bcb4ed4,91b6ebaa3678.png,3,retinopatia_diabetica_grave,2,True
374fb66d60f97af7ff2c679f81063fbb,80964d8e0863.png,4,retinopatia_diabetica_proliferativa,2,False
374fb66d60f97af7ff2c679f81063fbb,ab50123abadb.png,2,retinopatia_diabetica_moderada,2,False
70f1921d018abf3eb649fe94cdda57d7,80d24897669f.png,1,retinopatia_diabetica_leve,2,True
70f1921d018abf3eb649fe94cdda57d7,fea14b3d44b0.png,1,retinopatia_diabetica_leve,2,True
6bce9101e760604a547a99d783f05209,80feb1f7ca5e.png,2,retinopatia_diabetica_moderada,2,True
6bce9101e760604a547a99d783f05209,878a3a097436.png,2,retinopatia_diabetica_moderada,2,True
3f22b0fbc171e5b46a06a54783e662cf,840527bc6628.png,2,retinopatia_diabetica_moderada,2,True
3f22b0fbc171e5b46a06a54783e662cf,857002ed4e49.png,2,retinopatia_diabetica_moderada,2,True
d5595a2c533362dcbadf66195c3bc3bb,8446826853d0.png,2,retinopatia_diabetica_moderada,2,False
d5595a2c533362dcbadf66195c3bc3bb,8ef2eb8c51c4.png,1,retinopatia_diabetica_leve,2,False
9a0aac8db3b1c536864cc6bafd8905a6,8fc09fecd22f.png,1,retinopatia_diabetica_leve,2,True
9a0aac8db3b1c536864cc6bafd8905a6,d1cad012a254.png,1,retinopatia_diabetica_leve,2,True
46c634487f3586097900e0fbb564a63c,906d02fb822d.png,0,sem_retinopatia_diabetica,2,True
46c634487f3586097900e0fbb564a63c,a4012932e18d.png,0,sem_retinopatia_diabetica,2,True
f52144fec260494290f0ba7b23653c02,98f7136d2e7a.png,2,retinopatia_diabetica_moderada,2,False
f52144fec260494290f0ba7b23653c02,e740af6ac6ea.png,4,retinopatia_diabetica_proliferativa,2,False
3be1e5644df038399c1d31319e733af1,9a3c03a5ad0f.png,2,retinopatia_diabetica_moderada,2,False
3be1e5644df038399c1d31319e733af1,f03d3c4ce7fb.png,4,retinopatia_diabetica_proliferativa,2,False
711902fa983501707939c072ff430530,9b32e8ef0ca0.png,2,retinopatia_diabetica_moderada,2,True
711902fa983501707939c072ff430530,a15652b22ab8.png,2,retinopatia_diabetica_moderada,2,True
502eeb59021479778423eb06ff749d11,9b418ce42c13.png,2,retinopatia_diabetica_moderada,2,True
502eeb59021479778423eb06ff749d11,be161517d3ac.png,2,retinopatia_diabetica_moderada,2,True
bff7a72c5c20fb6d8e505a59e13eb440,9b7b6e4db1d5.png,2,retinopatia_diabetica_moderada,2,True
bff7a72c5c20fb6d8e505a59e13eb440,9f4132bd6ed6.png,2,retinopatia_diabetica_moderada,2,True
5e85c7ff25e879de224c15aacb11d553,9c5dd3612f0c.png,2,retinopatia_diabetica_moderada,2,True
5e85c7ff25e879de224c15aacb11d553,c9f0dc2c8b43.png,2,retinopatia_diabetica_moderada,2,True
2a613e17fe7eebeca8a21ac5f46e8ec2,9e3510963315.png,4,retinopatia_diabetica_proliferativa,2,False
2a613e17fe7eebeca8a21ac5f46e8ec2,b187b3c93afb.png,2,retinopatia_diabetica_moderada,2,False
985d2ef214d747b029d0390eacbb90cd,9f1efb799b7b.png,2,retinopatia_diabetica_moderada,2,True
985d2ef214d747b029d0390eacbb90cd,cd4e7f9fa1a9.png,2,retinopatia_diabetica_moderada,2,True
2a1eb3b532c97ebd35b34812ed2bbffc,a505981d1cab.png,2,retinopatia_diabetica_moderada,2,True
2a1eb3b532c97ebd35b34812ed2bbffc,d994203deb64.png,2,retinopatia_diabetica_moderada,2,True
6c6d0a03f7ddbc2958802f8de44d34c2,a8b637abd96b.png,0,sem_retinopatia_diabetica,2,True
6c6d0a03f7ddbc2958802f8de44d34c2,e2c3b037413b.png,0,sem_retinopatia_diabetica,2,True
3b0291e1bd8aee40226b1808c916eb8a,aca88f566228.png,2,retinopatia_diabetica_moderada,2,True
3b0291e1bd8aee40226b1808c916eb8a,c05b7b4c22fe.png,2,retinopatia_diabetica_moderada,2,True
b22bb5d93f07a39b8479ca6e3ad8ae5c,aeed1f251ceb.png,4,retinopatia_diabetica_proliferativa,2,True
b22bb5d93f07a39b8479ca6e3ad8ae5c,c0e509786f7f.png,4,retinopatia_diabetica_proliferativa,2,True
4a705364c825e1b27d8a1c1a167a64ce,b06dabab4f09.png,2,retinopatia_diabetica_moderada,2,True
4a705364c825e1b27d8a1c1a167a64ce,d144144a2f3f.png,2,retinopatia_diabetica_moderada,2,True
2a8b966c339427f048e994ba0e0e4e6b,b13d72ceea26.png,2,retinopatia_diabetica_moderada,2,True
2a8b966c339427f048e994ba0e0e4e6b,da0a1043abf7.png,2,retinopatia_diabetica_moderada,2,True
6de1e04f816fb915da5832eba82b0a1a,b8ac328009e0.png,2,retinopatia_diabetica_moderada,2,True
6de1e04f816fb915da5832eba82b0a1a,ff0740cb484a.png,2,retinopatia_diabetica_moderada,2,True
7dfc81788fb0ba952897c36bb59dc431,b9127e38d9b9.png,2,retinopatia_diabetica_moderada,2,False
7dfc81788fb0ba952897c36bb59dc431,e39b627cf648.png,4,retinopatia_diabetica_proliferativa,2,False
6c9d26bab272c4b6d0d4333de16f61d4,ba735b286d62.png,4,retinopatia_diabetica_proliferativa,2,True
6c9d26bab272c4b6d0d4333de16f61d4,ed3a0fc5b546.png,4,retinopatia_diabetica_proliferativa,2,True
7f5c8a0ffdecf70c9064e9517f327af9,bacfb1029f6b.png,1,retinopatia_diabetica_leve,2,False
7f5c8a0ffdecf70c9064e9517f327af9,e12d41e7b221.png,2,retinopatia_diabetica_moderada,2,False
4504e9549c404aea6f9424817dbafd5b,bb7e0a2544cd.png,3,retinopatia_diabetica_grave,2,True
4504e9549c404aea6f9424817dbafd5b,e76a9cbb2a8c.png,3,retinopatia_diabetica_grave,2,True
c7660cb49b8811ccef8d04f6c962a321,bcdc8db5423b.png,2,retinopatia_diabetica_moderada,2,True
c7660cb49b8811ccef8d04f6c962a321,f920ccd926db.png,2,retinopatia_diabetica_moderada,2,True
79aa4d8483a0be779709681da49d9beb,bfefa7344e7d.png,4,retinopatia_diabetica_proliferativa,2,True
79aa4d8483a0be779709681da49d9beb,d85ea1220a03.png,4,retinopatia_diabetica_proliferativa,2,True
523b5e9da719b5d87b7d28b22fba31ce,ca0f1a17c8e5.png,2,retinopatia_diabetica_moderada,2,True
523b5e9da719b5d87b7d28b22fba31ce,ea05c22d92e9.png,2,retinopatia_diabetica_moderada,2,True
217c348de53e4f70b11c66a925b26863,ca891d37a43c.png,2,retinopatia_diabetica_moderada,2,True
217c348de53e4f70b11c66a925b26863,dc3c0d8ee20b.png,2,retinopatia_diabetica_moderada,2,True
5481e6578b7ddedb9ee4108cc7f85d28,cd3fd04d72f5.png,2,retinopatia_diabetica_moderada,2,True
5481e6578b7ddedb9ee4108cc7f85d28,d81b6ed83bc2.png,2,retinopatia_diabetica_moderada,2,True
760a5f40f35dd1ca462fbd81d190ab92,ce887b196c23.png,2,retinopatia_diabetica_moderada,2,True
760a5f40f35dd1ca462fbd81d190ab92,e7a7187066ad.png,2,retinopatia_diabetica_moderada,2,True
d55aa25d769d844084c79e8c243067be,d28bd830c171.png,2,retinopatia_diabetica_moderada,2,True
d55aa25d769d844084c79e8c243067be,f9ecf1795804.png,2,retinopatia_diabetica_moderada,2,True
7f5c9c9b1e466fbba278b5acddc6f335,d51b3fe0fa1b.png,4,retinopatia_diabetica_proliferativa,2,True
7f5c9c9b1e466fbba278b5acddc6f335,df4913ca3712.png,4,retinopatia_diabetica_proliferativa,2,True
f2925812dee45e7dba0ca4fbb346ea99,e8d1c6c07cf2.png,3,retinopatia_diabetica_grave,2,False
f2925812dee45e7dba0ca4fbb346ea99,f23902998c21.png,2,retinopatia_diabetica_moderada,2,False
eb7a7a5fa1307384791b6916edc3c81e,f1a761c68559.png,2,retinopatia_diabetica_moderada,2,True
eb7a7a5fa1307384791b6916edc3c81e,ff52392372d3.png,2,retinopatia_diabetica_moderada,2,True
